
> scopedrop@0.1.0 dev:raw
> next dev -p 3000 -p 3005

  ▲ Next.js 14.2.29
  - Local:        http://localhost:3005
  - Environments: .env.local

 ✓ Starting...
 ✓ Ready in 3.9s
 ○ Compiling / ...
 ✓ Compiled /terms in 41.2s (14163 modules)
 ⨯ TypeError: (0 , react__WEBPACK_IMPORTED_MODULE_0__.createContext) is not a function
    at __webpack_require__ (D:\Projects\scopedrop\.next\server\webpack-runtime.js:33:42)
    at __webpack_require__ (D:\Projects\scopedrop\.next\server\webpack-runtime.js:33:42)
    at __webpack_require__ (D:\Projects\scopedrop\.next\server\webpack-runtime.js:33:42)
    at eval (./components/legal/LegalPage.tsx:8:79)
    at (rsc)/./components/legal/LegalPage.tsx (D:\Projects\scopedrop\.next\server\app\terms\page.js:173:1)
    at __webpack_require__ (D:\Projects\scopedrop\.next\server\webpack-runtime.js:33:42)
    at eval (./app/terms/page.tsx:8:85)
    at (rsc)/./app/terms/page.tsx (D:\Projects\scopedrop\.next\server\app\terms\page.js:162:1)
    at __webpack_require__ (D:\Projects\scopedrop\.next\server\webpack-runtime.js:33:42)
    at async Promise.all (index 0)
    at async Promise.all (index 0)
digest: "285078002"
 ⨯ TypeError: (0 , react__WEBPACK_IMPORTED_MODULE_0__.createContext) is not a function
    at __webpack_require__ (D:\Projects\scopedrop\.next\server\webpack-runtime.js:33:42)
    at __webpack_require__ (D:\Projects\scopedrop\.next\server\webpack-runtime.js:33:42)
    at __webpack_require__ (D:\Projects\scopedrop\.next\server\webpack-runtime.js:33:42)
    at eval (./components/legal/LegalPage.tsx:8:79)
    at (rsc)/./components/legal/LegalPage.tsx (D:\Projects\scopedrop\.next\server\app\terms\page.js:173:1)
    at __webpack_require__ (D:\Projects\scopedrop\.next\server\webpack-runtime.js:33:42)
    at eval (./app/terms/page.tsx:8:85)
    at (rsc)/./app/terms/page.tsx (D:\Projects\scopedrop\.next\server\app\terms\page.js:162:1)
    at __webpack_require__ (D:\Projects\scopedrop\.next\server\webpack-runtime.js:33:42)
    at async Promise.all (index 0)
    at async Promise.all (index 0)
digest: "285078002"
 ⨯ TypeError: (0 , react__WEBPACK_IMPORTED_MODULE_0__.createContext) is not a function
    at __webpack_require__ (D:\Projects\scopedrop\.next\server\webpack-runtime.js:33:42)
    at __webpack_require__ (D:\Projects\scopedrop\.next\server\webpack-runtime.js:33:42)
    at __webpack_require__ (D:\Projects\scopedrop\.next\server\webpack-runtime.js:33:42)
    at eval (./components/legal/LegalPage.tsx:8:79)
    at (rsc)/./components/legal/LegalPage.tsx (D:\Projects\scopedrop\.next\server\app\terms\page.js:173:1)
    at __webpack_require__ (D:\Projects\scopedrop\.next\server\webpack-runtime.js:33:42)
    at eval (./app/terms/page.tsx:8:85)
    at (rsc)/./app/terms/page.tsx (D:\Projects\scopedrop\.next\server\app\terms\page.js:162:1)
    at __webpack_require__ (D:\Projects\scopedrop\.next\server\webpack-runtime.js:33:42)
    at async Promise.all (index 0)
    at async Promise.all (index 0)
digest: "285078002"
 ⨯ TypeError: (0 , react__WEBPACK_IMPORTED_MODULE_0__.createContext) is not a function
    at __webpack_require__ (D:\Projects\scopedrop\.next\server\webpack-runtime.js:33:42)
    at __webpack_require__ (D:\Projects\scopedrop\.next\server\webpack-runtime.js:33:42)
    at __webpack_require__ (D:\Projects\scopedrop\.next\server\webpack-runtime.js:33:42)
    at eval (./components/legal/LegalPage.tsx:8:79)
    at (rsc)/./components/legal/LegalPage.tsx (D:\Projects\scopedrop\.next\server\app\terms\page.js:173:1)
    at __webpack_require__ (D:\Projects\scopedrop\.next\server\webpack-runtime.js:33:42)
    at eval (./app/terms/page.tsx:8:85)
    at (rsc)/./app/terms/page.tsx (D:\Projects\scopedrop\.next\server\app\terms\page.js:162:1)
    at __webpack_require__ (D:\Projects\scopedrop\.next\server\webpack-runtime.js:33:42)
    at async Promise.all (index 0)
    at async Promise.all (index 0)
digest: "285078002"
 ⨯ TypeError: (0 , react__WEBPACK_IMPORTED_MODULE_0__.createContext) is not a function
    at __webpack_require__ (D:\Projects\scopedrop\.next\server\webpack-runtime.js:33:42)
    at __webpack_require__ (D:\Projects\scopedrop\.next\server\webpack-runtime.js:33:42)
    at __webpack_require__ (D:\Projects\scopedrop\.next\server\webpack-runtime.js:33:42)
    at eval (./components/legal/LegalPage.tsx:8:79)
    at (rsc)/./components/legal/LegalPage.tsx (D:\Projects\scopedrop\.next\server\app\privacy\page.js:173:1)
    at __webpack_require__ (D:\Projects\scopedrop\.next\server\webpack-runtime.js:33:42)
    at eval (./app/privacy/page.tsx:8:85)
    at (rsc)/./app/privacy/page.tsx (D:\Projects\scopedrop\.next\server\app\privacy\page.js:162:1)
    at __webpack_require__ (D:\Projects\scopedrop\.next\server\webpack-runtime.js:33:42)
    at async Promise.all (index 0)
    at async Promise.all (index 0)
digest: "4007367922"
 ⨯ TypeError: (0 , react__WEBPACK_IMPORTED_MODULE_0__.createContext) is not a function
    at __webpack_require__ (D:\Projects\scopedrop\.next\server\webpack-runtime.js:33:42)
    at __webpack_require__ (D:\Projects\scopedrop\.next\server\webpack-runtime.js:33:42)
    at __webpack_require__ (D:\Projects\scopedrop\.next\server\webpack-runtime.js:33:42)
    at eval (./components/legal/LegalPage.tsx:8:79)
    at (rsc)/./components/legal/LegalPage.tsx (D:\Projects\scopedrop\.next\server\app\privacy\page.js:173:1)
    at __webpack_require__ (D:\Projects\scopedrop\.next\server\webpack-runtime.js:33:42)
    at eval (./app/privacy/page.tsx:8:85)
    at (rsc)/./app/privacy/page.tsx (D:\Projects\scopedrop\.next\server\app\privacy\page.js:162:1)
    at __webpack_require__ (D:\Projects\scopedrop\.next\server\webpack-runtime.js:33:42)
    at async Promise.all (index 0)
    at async Promise.all (index 0)
digest: "275515997"
 ⨯ TypeError: (0 , react__WEBPACK_IMPORTED_MODULE_0__.createContext) is not a function
    at __webpack_require__ (D:\Projects\scopedrop\.next\server\webpack-runtime.js:33:42)
    at __webpack_require__ (D:\Projects\scopedrop\.next\server\webpack-runtime.js:33:42)
    at __webpack_require__ (D:\Projects\scopedrop\.next\server\webpack-runtime.js:33:42)
    at eval (./components/legal/LegalPage.tsx:8:79)
    at (rsc)/./components/legal/LegalPage.tsx (D:\Projects\scopedrop\.next\server\app\privacy\page.js:173:1)
    at __webpack_require__ (D:\Projects\scopedrop\.next\server\webpack-runtime.js:33:42)
    at eval (./app/privacy/page.tsx:8:85)
    at (rsc)/./app/privacy/page.tsx (D:\Projects\scopedrop\.next\server\app\privacy\page.js:162:1)
    at __webpack_require__ (D:\Projects\scopedrop\.next\server\webpack-runtime.js:33:42)
    at async Promise.all (index 0)
    at async Promise.all (index 0)
digest: "4007367922"
 ⨯ TypeError: (0 , react__WEBPACK_IMPORTED_MODULE_0__.createContext) is not a function
    at __webpack_require__ (D:\Projects\scopedrop\.next\server\webpack-runtime.js:33:42)
    at __webpack_require__ (D:\Projects\scopedrop\.next\server\webpack-runtime.js:33:42)
    at __webpack_require__ (D:\Projects\scopedrop\.next\server\webpack-runtime.js:33:42)
    at eval (./components/legal/LegalPage.tsx:8:79)
    at (rsc)/./components/legal/LegalPage.tsx (D:\Projects\scopedrop\.next\server\app\privacy\page.js:173:1)
    at __webpack_require__ (D:\Projects\scopedrop\.next\server\webpack-runtime.js:33:42)
    at eval (./app/privacy/page.tsx:8:85)
    at (rsc)/./app/privacy/page.tsx (D:\Projects\scopedrop\.next\server\app\privacy\page.js:162:1)
    at __webpack_require__ (D:\Projects\scopedrop\.next\server\webpack-runtime.js:33:42)
    at async Promise.all (index 0)
    at async Promise.all (index 0)
digest: "275515997"
 ⨯ TypeError: (0 , react__WEBPACK_IMPORTED_MODULE_0__.createContext) is not a function
    at __webpack_require__ (D:\Projects\scopedrop\.next\server\webpack-runtime.js:33:42)
    at __webpack_require__ (D:\Projects\scopedrop\.next\server\webpack-runtime.js:33:42)
    at __webpack_require__ (D:\Projects\scopedrop\.next\server\webpack-runtime.js:33:42)
    at eval (./components/legal/LegalPage.tsx:8:79)
    at (rsc)/./components/legal/LegalPage.tsx (D:\Projects\scopedrop\.next\server\app\privacy\page.js:173:1)
    at __webpack_require__ (D:\Projects\scopedrop\.next\server\webpack-runtime.js:33:42)
    at eval (./app/terms/page.tsx:8:85)
    at (rsc)/./app/terms/page.tsx (D:\Projects\scopedrop\.next\server\app\terms\page.js:162:1)
    at __webpack_require__ (D:\Projects\scopedrop\.next\server\webpack-runtime.js:33:42)
digest: "2529913508"
 ⨯ TypeError: (0 , react__WEBPACK_IMPORTED_MODULE_0__.createContext) is not a function
    at __webpack_require__ (D:\Projects\scopedrop\.next\server\webpack-runtime.js:33:42)
    at __webpack_require__ (D:\Projects\scopedrop\.next\server\webpack-runtime.js:33:42)
    at __webpack_require__ (D:\Projects\scopedrop\.next\server\webpack-runtime.js:33:42)
    at eval (./components/legal/LegalPage.tsx:8:79)
    at (rsc)/./components/legal/LegalPage.tsx (D:\Projects\scopedrop\.next\server\app\privacy\page.js:173:1)
    at __webpack_require__ (D:\Projects\scopedrop\.next\server\webpack-runtime.js:33:42)
    at eval (./app/terms/page.tsx:8:85)
    at (rsc)/./app/terms/page.tsx (D:\Projects\scopedrop\.next\server\app\terms\page.js:162:1)
    at __webpack_require__ (D:\Projects\scopedrop\.next\server\webpack-runtime.js:33:42)
digest: "2529913508"
TypeError: (0 , react__WEBPACK_IMPORTED_MODULE_0__.createContext) is not a function
    at eval (webpack-internal:///(rsc)/./node_modules/@phosphor-icons/react/dist/lib/context.es.js:7:63)
    at (rsc)/./node_modules/@phosphor-icons/react/dist/lib/context.es.js (D:\Projects\scopedrop\.next\server\vendor-chunks\@phosphor-icons.js:310:1)
    at __webpack_require__ (D:\Projects\scopedrop\.next\server\webpack-runtime.js:33:42)
    at eval (webpack-internal:///(rsc)/./node_modules/@phosphor-icons/react/dist/lib/IconBase.es.js:6:72)
    at (rsc)/./node_modules/@phosphor-icons/react/dist/lib/IconBase.es.js (D:\Projects\scopedrop\.next\server\vendor-chunks\@phosphor-icons.js:300:1)
    at __webpack_require__ (D:\Projects\scopedrop\.next\server\webpack-runtime.js:33:42)
    at eval (webpack-internal:///(rsc)/./node_modules/@phosphor-icons/react/dist/csr/Sparkle.es.js:7:77)
    at (rsc)/./node_modules/@phosphor-icons/react/dist/csr/Sparkle.es.js (D:\Projects\scopedrop\.next\server\vendor-chunks\@phosphor-icons.js:280:1)
    at __webpack_require__ (D:\Projects\scopedrop\.next\server\webpack-runtime.js:33:42)
    at eval (webpack-internal:///(rsc)/./components/legal/LegalPage.tsx:8:79)
    at (rsc)/./components/legal/LegalPage.tsx (D:\Projects\scopedrop\.next\server\app\privacy\page.js:173:1)
    at __webpack_require__ (D:\Projects\scopedrop\.next\server\webpack-runtime.js:33:42)
    at eval (webpack-internal:///(rsc)/./app/terms/page.tsx:8:85)
    at (rsc)/./app/terms/page.tsx (D:\Projects\scopedrop\.next\server\app\terms\page.js:162:1)
    at __webpack_require__ (D:\Projects\scopedrop\.next\server\webpack-runtime.js:33:42)
    at runNextTicks (node:internal/process/task_queues:64:5)
    at listOnTimeout (node:internal/timers:567:9)
    at process.processTimers (node:internal/timers:541:7)
    at async e7 (D:\Projects\scopedrop\node_modules\next\dist\compiled\next-server\app-page.runtime.dev.js:35:396972)
    at async tS (D:\Projects\scopedrop\node_modules\next\dist\compiled\next-server\app-page.runtime.dev.js:35:400486)
    at async tw (D:\Projects\scopedrop\node_modules\next\dist\compiled\next-server\app-page.runtime.dev.js:35:401047)
    at async tw (D:\Projects\scopedrop\node_modules\next\dist\compiled\next-server\app-page.runtime.dev.js:35:401178)
    at async tw (D:\Projects\scopedrop\node_modules\next\dist\compiled\next-server\app-page.runtime.dev.js:35:401178)
    at async tO (D:\Projects\scopedrop\node_modules\next\dist\compiled\next-server\app-page.runtime.dev.js:36:2320)
    at async D:\Projects\scopedrop\node_modules\next\dist\compiled\next-server\app-page.runtime.dev.js:36:2989 {
  digest: '2529913508'
}
 ⨯ TypeError: (0 , react__WEBPACK_IMPORTED_MODULE_0__.createContext) is not a function
    at eval (webpack-internal:///(rsc)/./node_modules/@phosphor-icons/react/dist/lib/context.es.js:7:63)
    at (rsc)/./node_modules/@phosphor-icons/react/dist/lib/context.es.js (D:\Projects\scopedrop\.next\server\vendor-chunks\@phosphor-icons.js:310:1)
    at __webpack_require__ (D:\Projects\scopedrop\.next\server\webpack-runtime.js:33:42)
    at eval (webpack-internal:///(rsc)/./node_modules/@phosphor-icons/react/dist/lib/IconBase.es.js:6:72)
    at (rsc)/./node_modules/@phosphor-icons/react/dist/lib/IconBase.es.js (D:\Projects\scopedrop\.next\server\vendor-chunks\@phosphor-icons.js:300:1)
    at __webpack_require__ (D:\Projects\scopedrop\.next\server\webpack-runtime.js:33:42)
    at eval (webpack-internal:///(rsc)/./node_modules/@phosphor-icons/react/dist/csr/Sparkle.es.js:7:77)
    at (rsc)/./node_modules/@phosphor-icons/react/dist/csr/Sparkle.es.js (D:\Projects\scopedrop\.next\server\vendor-chunks\@phosphor-icons.js:280:1)
    at __webpack_require__ (D:\Projects\scopedrop\.next\server\webpack-runtime.js:33:42)
    at eval (webpack-internal:///(rsc)/./components/legal/LegalPage.tsx:8:79)
    at (rsc)/./components/legal/LegalPage.tsx (D:\Projects\scopedrop\.next\server\app\privacy\page.js:173:1)
    at __webpack_require__ (D:\Projects\scopedrop\.next\server\webpack-runtime.js:33:42)
    at eval (webpack-internal:///(rsc)/./app/terms/page.tsx:8:85)
    at (rsc)/./app/terms/page.tsx (D:\Projects\scopedrop\.next\server\app\terms\page.js:162:1)
    at __webpack_require__ (D:\Projects\scopedrop\.next\server\webpack-runtime.js:33:42)
    at runNextTicks (node:internal/process/task_queues:64:5)
    at listOnTimeout (node:internal/timers:567:9)
    at process.processTimers (node:internal/timers:541:7)
    at async e7 (D:\Projects\scopedrop\node_modules\next\dist\compiled\next-server\app-page.runtime.dev.js:35:396972)
    at async tS (D:\Projects\scopedrop\node_modules\next\dist\compiled\next-server\app-page.runtime.dev.js:35:400486)
    at async tw (D:\Projects\scopedrop\node_modules\next\dist\compiled\next-server\app-page.runtime.dev.js:35:401047)
    at async tw (D:\Projects\scopedrop\node_modules\next\dist\compiled\next-server\app-page.runtime.dev.js:35:401178)
    at async tw (D:\Projects\scopedrop\node_modules\next\dist\compiled\next-server\app-page.runtime.dev.js:35:401178)
    at async tO (D:\Projects\scopedrop\node_modules\next\dist\compiled\next-server\app-page.runtime.dev.js:36:2320)
    at async D:\Projects\scopedrop\node_modules\next\dist\compiled\next-server\app-page.runtime.dev.js:36:2989 {
  digest: '2529913508',
  page: '/terms'
}
TypeError: (0 , react__WEBPACK_IMPORTED_MODULE_0__.createContext) is not a function
    at eval (webpack-internal:///(rsc)/./node_modules/@phosphor-icons/react/dist/lib/context.es.js:7:63)
    at (rsc)/./node_modules/@phosphor-icons/react/dist/lib/context.es.js (D:\Projects\scopedrop\.next\server\vendor-chunks\@phosphor-icons.js:310:1)
    at __webpack_require__ (D:\Projects\scopedrop\.next\server\webpack-runtime.js:33:42)
    at eval (webpack-internal:///(rsc)/./node_modules/@phosphor-icons/react/dist/lib/IconBase.es.js:6:72)
    at (rsc)/./node_modules/@phosphor-icons/react/dist/lib/IconBase.es.js (D:\Projects\scopedrop\.next\server\vendor-chunks\@phosphor-icons.js:300:1)
    at __webpack_require__ (D:\Projects\scopedrop\.next\server\webpack-runtime.js:33:42)
    at eval (webpack-internal:///(rsc)/./node_modules/@phosphor-icons/react/dist/csr/Sparkle.es.js:7:77)
    at (rsc)/./node_modules/@phosphor-icons/react/dist/csr/Sparkle.es.js (D:\Projects\scopedrop\.next\server\vendor-chunks\@phosphor-icons.js:280:1)
    at __webpack_require__ (D:\Projects\scopedrop\.next\server\webpack-runtime.js:33:42)
    at eval (webpack-internal:///(rsc)/./components/legal/LegalPage.tsx:8:79)
    at (rsc)/./components/legal/LegalPage.tsx (D:\Projects\scopedrop\.next\server\app\privacy\page.js:173:1)
    at __webpack_require__ (D:\Projects\scopedrop\.next\server\webpack-runtime.js:33:42)
    at eval (webpack-internal:///(rsc)/./app/terms/page.tsx:8:85)
    at (rsc)/./app/terms/page.tsx (D:\Projects\scopedrop\.next\server\app\terms\page.js:162:1)
    at __webpack_require__ (D:\Projects\scopedrop\.next\server\webpack-runtime.js:33:42)
    at runNextTicks (node:internal/process/task_queues:64:5)
    at listOnTimeout (node:internal/timers:567:9)
    at process.processTimers (node:internal/timers:541:7)
    at async e7 (D:\Projects\scopedrop\node_modules\next\dist\compiled\next-server\app-page.runtime.dev.js:35:396972)
    at async tS (D:\Projects\scopedrop\node_modules\next\dist\compiled\next-server\app-page.runtime.dev.js:35:400486)
    at async tw (D:\Projects\scopedrop\node_modules\next\dist\compiled\next-server\app-page.runtime.dev.js:35:401047)
    at async tw (D:\Projects\scopedrop\node_modules\next\dist\compiled\next-server\app-page.runtime.dev.js:35:401178)
    at async tw (D:\Projects\scopedrop\node_modules\next\dist\compiled\next-server\app-page.runtime.dev.js:35:401178)
    at async tO (D:\Projects\scopedrop\node_modules\next\dist\compiled\next-server\app-page.runtime.dev.js:36:2320)
    at async D:\Projects\scopedrop\node_modules\next\dist\compiled\next-server\app-page.runtime.dev.js:36:2989 {
  digest: '2529913508'
}
 ⨯ TypeError: (0 , react__WEBPACK_IMPORTED_MODULE_0__.createContext) is not a function
    at eval (webpack-internal:///(rsc)/./node_modules/@phosphor-icons/react/dist/lib/context.es.js:7:63)
    at (rsc)/./node_modules/@phosphor-icons/react/dist/lib/context.es.js (D:\Projects\scopedrop\.next\server\vendor-chunks\@phosphor-icons.js:310:1)
    at __webpack_require__ (D:\Projects\scopedrop\.next\server\webpack-runtime.js:33:42)
    at eval (webpack-internal:///(rsc)/./node_modules/@phosphor-icons/react/dist/lib/IconBase.es.js:6:72)
    at (rsc)/./node_modules/@phosphor-icons/react/dist/lib/IconBase.es.js (D:\Projects\scopedrop\.next\server\vendor-chunks\@phosphor-icons.js:300:1)
    at __webpack_require__ (D:\Projects\scopedrop\.next\server\webpack-runtime.js:33:42)
    at eval (webpack-internal:///(rsc)/./node_modules/@phosphor-icons/react/dist/csr/Sparkle.es.js:7:77)
    at (rsc)/./node_modules/@phosphor-icons/react/dist/csr/Sparkle.es.js (D:\Projects\scopedrop\.next\server\vendor-chunks\@phosphor-icons.js:280:1)
    at __webpack_require__ (D:\Projects\scopedrop\.next\server\webpack-runtime.js:33:42)
    at eval (webpack-internal:///(rsc)/./components/legal/LegalPage.tsx:8:79)
    at (rsc)/./components/legal/LegalPage.tsx (D:\Projects\scopedrop\.next\server\app\privacy\page.js:173:1)
    at __webpack_require__ (D:\Projects\scopedrop\.next\server\webpack-runtime.js:33:42)
    at eval (webpack-internal:///(rsc)/./app/terms/page.tsx:8:85)
    at (rsc)/./app/terms/page.tsx (D:\Projects\scopedrop\.next\server\app\terms\page.js:162:1)
    at __webpack_require__ (D:\Projects\scopedrop\.next\server\webpack-runtime.js:33:42)
    at runNextTicks (node:internal/process/task_queues:64:5)
    at listOnTimeout (node:internal/timers:567:9)
    at process.processTimers (node:internal/timers:541:7)
    at async e7 (D:\Projects\scopedrop\node_modules\next\dist\compiled\next-server\app-page.runtime.dev.js:35:396972)
    at async tS (D:\Projects\scopedrop\node_modules\next\dist\compiled\next-server\app-page.runtime.dev.js:35:400486)
    at async tw (D:\Projects\scopedrop\node_modules\next\dist\compiled\next-server\app-page.runtime.dev.js:35:401047)
    at async tw (D:\Projects\scopedrop\node_modules\next\dist\compiled\next-server\app-page.runtime.dev.js:35:401178)
    at async tw (D:\Projects\scopedrop\node_modules\next\dist\compiled\next-server\app-page.runtime.dev.js:35:401178)
    at async tO (D:\Projects\scopedrop\node_modules\next\dist\compiled\next-server\app-page.runtime.dev.js:36:2320)
    at async D:\Projects\scopedrop\node_modules\next\dist\compiled\next-server\app-page.runtime.dev.js:36:2989 {
  digest: '2529913508',
  page: '/terms'
}
 ⨯ TypeError: (0 , react__WEBPACK_IMPORTED_MODULE_0__.createContext) is not a function
    at __webpack_require__ (D:\Projects\scopedrop\.next\server\webpack-runtime.js:33:42)
    at __webpack_require__ (D:\Projects\scopedrop\.next\server\webpack-runtime.js:33:42)
    at __webpack_require__ (D:\Projects\scopedrop\.next\server\webpack-runtime.js:33:42)
    at eval (./components/legal/LegalPage.tsx:8:79)
    at (rsc)/./components/legal/LegalPage.tsx (D:\Projects\scopedrop\.next\server\app\privacy\page.js:173:1)
    at __webpack_require__ (D:\Projects\scopedrop\.next\server\webpack-runtime.js:33:42)
    at eval (./app/privacy/page.tsx:8:85)
    at (rsc)/./app/privacy/page.tsx (D:\Projects\scopedrop\.next\server\app\privacy\page.js:162:1)
    at __webpack_require__ (D:\Projects\scopedrop\.next\server\webpack-runtime.js:33:42)
digest: "2984259696"
 ⨯ TypeError: (0 , react__WEBPACK_IMPORTED_MODULE_0__.createContext) is not a function
    at __webpack_require__ (D:\Projects\scopedrop\.next\server\webpack-runtime.js:33:42)
    at __webpack_require__ (D:\Projects\scopedrop\.next\server\webpack-runtime.js:33:42)
    at __webpack_require__ (D:\Projects\scopedrop\.next\server\webpack-runtime.js:33:42)
    at eval (./components/legal/LegalPage.tsx:8:79)
    at (rsc)/./components/legal/LegalPage.tsx (D:\Projects\scopedrop\.next\server\app\privacy\page.js:173:1)
    at __webpack_require__ (D:\Projects\scopedrop\.next\server\webpack-runtime.js:33:42)
    at eval (./app/privacy/page.tsx:8:85)
    at (rsc)/./app/privacy/page.tsx (D:\Projects\scopedrop\.next\server\app\privacy\page.js:162:1)
    at __webpack_require__ (D:\Projects\scopedrop\.next\server\webpack-runtime.js:33:42)
digest: "1695911935"
TypeError: (0 , react__WEBPACK_IMPORTED_MODULE_0__.createContext) is not a function
    at eval (webpack-internal:///(rsc)/./node_modules/@phosphor-icons/react/dist/lib/context.es.js:7:63)
    at (rsc)/./node_modules/@phosphor-icons/react/dist/lib/context.es.js (D:\Projects\scopedrop\.next\server\vendor-chunks\@phosphor-icons.js:310:1)
    at __webpack_require__ (D:\Projects\scopedrop\.next\server\webpack-runtime.js:33:42)
    at eval (webpack-internal:///(rsc)/./node_modules/@phosphor-icons/react/dist/lib/IconBase.es.js:6:72)
    at (rsc)/./node_modules/@phosphor-icons/react/dist/lib/IconBase.es.js (D:\Projects\scopedrop\.next\server\vendor-chunks\@phosphor-icons.js:300:1)
    at __webpack_require__ (D:\Projects\scopedrop\.next\server\webpack-runtime.js:33:42)
    at eval (webpack-internal:///(rsc)/./node_modules/@phosphor-icons/react/dist/csr/Sparkle.es.js:7:77)
    at (rsc)/./node_modules/@phosphor-icons/react/dist/csr/Sparkle.es.js (D:\Projects\scopedrop\.next\server\vendor-chunks\@phosphor-icons.js:280:1)
    at __webpack_require__ (D:\Projects\scopedrop\.next\server\webpack-runtime.js:33:42)
    at eval (webpack-internal:///(rsc)/./components/legal/LegalPage.tsx:8:79)
    at (rsc)/./components/legal/LegalPage.tsx (D:\Projects\scopedrop\.next\server\app\privacy\page.js:173:1)
    at __webpack_require__ (D:\Projects\scopedrop\.next\server\webpack-runtime.js:33:42)
    at eval (webpack-internal:///(rsc)/./app/privacy/page.tsx:8:85)
    at (rsc)/./app/privacy/page.tsx (D:\Projects\scopedrop\.next\server\app\privacy\page.js:162:1)
    at __webpack_require__ (D:\Projects\scopedrop\.next\server\webpack-runtime.js:33:42)
    at async e7 (D:\Projects\scopedrop\node_modules\next\dist\compiled\next-server\app-page.runtime.dev.js:35:396972)
    at async tS (D:\Projects\scopedrop\node_modules\next\dist\compiled\next-server\app-page.runtime.dev.js:35:400486)
    at async tw (D:\Projects\scopedrop\node_modules\next\dist\compiled\next-server\app-page.runtime.dev.js:35:401047)
    at async tw (D:\Projects\scopedrop\node_modules\next\dist\compiled\next-server\app-page.runtime.dev.js:35:401178)
    at async tw (D:\Projects\scopedrop\node_modules\next\dist\compiled\next-server\app-page.runtime.dev.js:35:401178)
    at async tO (D:\Projects\scopedrop\node_modules\next\dist\compiled\next-server\app-page.runtime.dev.js:36:2320)
    at async D:\Projects\scopedrop\node_modules\next\dist\compiled\next-server\app-page.runtime.dev.js:36:2989 {
  digest: '2984259696'
}
 ⨯ TypeError: (0 , react__WEBPACK_IMPORTED_MODULE_0__.createContext) is not a function
    at eval (webpack-internal:///(rsc)/./node_modules/@phosphor-icons/react/dist/lib/context.es.js:7:63)
    at (rsc)/./node_modules/@phosphor-icons/react/dist/lib/context.es.js (D:\Projects\scopedrop\.next\server\vendor-chunks\@phosphor-icons.js:310:1)
    at __webpack_require__ (D:\Projects\scopedrop\.next\server\webpack-runtime.js:33:42)
    at eval (webpack-internal:///(rsc)/./node_modules/@phosphor-icons/react/dist/lib/IconBase.es.js:6:72)
    at (rsc)/./node_modules/@phosphor-icons/react/dist/lib/IconBase.es.js (D:\Projects\scopedrop\.next\server\vendor-chunks\@phosphor-icons.js:300:1)
    at __webpack_require__ (D:\Projects\scopedrop\.next\server\webpack-runtime.js:33:42)
    at eval (webpack-internal:///(rsc)/./node_modules/@phosphor-icons/react/dist/csr/Sparkle.es.js:7:77)
    at (rsc)/./node_modules/@phosphor-icons/react/dist/csr/Sparkle.es.js (D:\Projects\scopedrop\.next\server\vendor-chunks\@phosphor-icons.js:280:1)
    at __webpack_require__ (D:\Projects\scopedrop\.next\server\webpack-runtime.js:33:42)
    at eval (webpack-internal:///(rsc)/./components/legal/LegalPage.tsx:8:79)
    at (rsc)/./components/legal/LegalPage.tsx (D:\Projects\scopedrop\.next\server\app\privacy\page.js:173:1)
    at __webpack_require__ (D:\Projects\scopedrop\.next\server\webpack-runtime.js:33:42)
    at eval (webpack-internal:///(rsc)/./app/privacy/page.tsx:8:85)
    at (rsc)/./app/privacy/page.tsx (D:\Projects\scopedrop\.next\server\app\privacy\page.js:162:1)
    at __webpack_require__ (D:\Projects\scopedrop\.next\server\webpack-runtime.js:33:42)
    at async e7 (D:\Projects\scopedrop\node_modules\next\dist\compiled\next-server\app-page.runtime.dev.js:35:396972)
    at async tS (D:\Projects\scopedrop\node_modules\next\dist\compiled\next-server\app-page.runtime.dev.js:35:400486)
    at async tw (D:\Projects\scopedrop\node_modules\next\dist\compiled\next-server\app-page.runtime.dev.js:35:401047)
    at async tw (D:\Projects\scopedrop\node_modules\next\dist\compiled\next-server\app-page.runtime.dev.js:35:401178)
    at async tw (D:\Projects\scopedrop\node_modules\next\dist\compiled\next-server\app-page.runtime.dev.js:35:401178)
    at async tO (D:\Projects\scopedrop\node_modules\next\dist\compiled\next-server\app-page.runtime.dev.js:36:2320)
    at async D:\Projects\scopedrop\node_modules\next\dist\compiled\next-server\app-page.runtime.dev.js:36:2989 {
  digest: '2984259696',
  page: '/privacy'
}
TypeError: (0 , react__WEBPACK_IMPORTED_MODULE_0__.createContext) is not a function
    at eval (webpack-internal:///(rsc)/./node_modules/@phosphor-icons/react/dist/lib/context.es.js:7:63)
    at (rsc)/./node_modules/@phosphor-icons/react/dist/lib/context.es.js (D:\Projects\scopedrop\.next\server\vendor-chunks\@phosphor-icons.js:310:1)
    at __webpack_require__ (D:\Projects\scopedrop\.next\server\webpack-runtime.js:33:42)
    at eval (webpack-internal:///(rsc)/./node_modules/@phosphor-icons/react/dist/lib/IconBase.es.js:6:72)
    at (rsc)/./node_modules/@phosphor-icons/react/dist/lib/IconBase.es.js (D:\Projects\scopedrop\.next\server\vendor-chunks\@phosphor-icons.js:300:1)
    at __webpack_require__ (D:\Projects\scopedrop\.next\server\webpack-runtime.js:33:42)
    at eval (webpack-internal:///(rsc)/./node_modules/@phosphor-icons/react/dist/csr/Sparkle.es.js:7:77)
    at (rsc)/./node_modules/@phosphor-icons/react/dist/csr/Sparkle.es.js (D:\Projects\scopedrop\.next\server\vendor-chunks\@phosphor-icons.js:280:1)
    at __webpack_require__ (D:\Projects\scopedrop\.next\server\webpack-runtime.js:33:42)
    at eval (webpack-internal:///(rsc)/./components/legal/LegalPage.tsx:8:79)
    at (rsc)/./components/legal/LegalPage.tsx (D:\Projects\scopedrop\.next\server\app\privacy\page.js:173:1)
    at __webpack_require__ (D:\Projects\scopedrop\.next\server\webpack-runtime.js:33:42)
    at eval (webpack-internal:///(rsc)/./app/privacy/page.tsx:8:85)
    at (rsc)/./app/privacy/page.tsx (D:\Projects\scopedrop\.next\server\app\privacy\page.js:162:1)
    at __webpack_require__ (D:\Projects\scopedrop\.next\server\webpack-runtime.js:33:42)
    at runNextTicks (node:internal/process/task_queues:64:5)
    at listOnTimeout (node:internal/timers:567:9)
    at process.processTimers (node:internal/timers:541:7)
    at async e7 (D:\Projects\scopedrop\node_modules\next\dist\compiled\next-server\app-page.runtime.dev.js:35:396972)
    at async tS (D:\Projects\scopedrop\node_modules\next\dist\compiled\next-server\app-page.runtime.dev.js:35:400486)
    at async tw (D:\Projects\scopedrop\node_modules\next\dist\compiled\next-server\app-page.runtime.dev.js:35:401047)
    at async tw (D:\Projects\scopedrop\node_modules\next\dist\compiled\next-server\app-page.runtime.dev.js:35:401178)
    at async tw (D:\Projects\scopedrop\node_modules\next\dist\compiled\next-server\app-page.runtime.dev.js:35:401178)
    at async tO (D:\Projects\scopedrop\node_modules\next\dist\compiled\next-server\app-page.runtime.dev.js:36:2320)
    at async D:\Projects\scopedrop\node_modules\next\dist\compiled\next-server\app-page.runtime.dev.js:36:2989 {
  digest: '1695911935'
}
 ⨯ TypeError: (0 , react__WEBPACK_IMPORTED_MODULE_0__.createContext) is not a function
    at eval (webpack-internal:///(rsc)/./node_modules/@phosphor-icons/react/dist/lib/context.es.js:7:63)
    at (rsc)/./node_modules/@phosphor-icons/react/dist/lib/context.es.js (D:\Projects\scopedrop\.next\server\vendor-chunks\@phosphor-icons.js:310:1)
    at __webpack_require__ (D:\Projects\scopedrop\.next\server\webpack-runtime.js:33:42)
    at eval (webpack-internal:///(rsc)/./node_modules/@phosphor-icons/react/dist/lib/IconBase.es.js:6:72)
    at (rsc)/./node_modules/@phosphor-icons/react/dist/lib/IconBase.es.js (D:\Projects\scopedrop\.next\server\vendor-chunks\@phosphor-icons.js:300:1)
    at __webpack_require__ (D:\Projects\scopedrop\.next\server\webpack-runtime.js:33:42)
    at eval (webpack-internal:///(rsc)/./node_modules/@phosphor-icons/react/dist/csr/Sparkle.es.js:7:77)
    at (rsc)/./node_modules/@phosphor-icons/react/dist/csr/Sparkle.es.js (D:\Projects\scopedrop\.next\server\vendor-chunks\@phosphor-icons.js:280:1)
    at __webpack_require__ (D:\Projects\scopedrop\.next\server\webpack-runtime.js:33:42)
    at eval (webpack-internal:///(rsc)/./components/legal/LegalPage.tsx:8:79)
    at (rsc)/./components/legal/LegalPage.tsx (D:\Projects\scopedrop\.next\server\app\privacy\page.js:173:1)
    at __webpack_require__ (D:\Projects\scopedrop\.next\server\webpack-runtime.js:33:42)
    at eval (webpack-internal:///(rsc)/./app/privacy/page.tsx:8:85)
    at (rsc)/./app/privacy/page.tsx (D:\Projects\scopedrop\.next\server\app\privacy\page.js:162:1)
    at __webpack_require__ (D:\Projects\scopedrop\.next\server\webpack-runtime.js:33:42)
    at runNextTicks (node:internal/process/task_queues:64:5)
    at listOnTimeout (node:internal/timers:567:9)
    at process.processTimers (node:internal/timers:541:7)
    at async e7 (D:\Projects\scopedrop\node_modules\next\dist\compiled\next-server\app-page.runtime.dev.js:35:396972)
    at async tS (D:\Projects\scopedrop\node_modules\next\dist\compiled\next-server\app-page.runtime.dev.js:35:400486)
    at async tw (D:\Projects\scopedrop\node_modules\next\dist\compiled\next-server\app-page.runtime.dev.js:35:401047)
    at async tw (D:\Projects\scopedrop\node_modules\next\dist\compiled\next-server\app-page.runtime.dev.js:35:401178)
    at async tw (D:\Projects\scopedrop\node_modules\next\dist\compiled\next-server\app-page.runtime.dev.js:35:401178)
    at async tO (D:\Projects\scopedrop\node_modules\next\dist\compiled\next-server\app-page.runtime.dev.js:36:2320)
    at async D:\Projects\scopedrop\node_modules\next\dist\compiled\next-server\app-page.runtime.dev.js:36:2989 {
  digest: '1695911935',
  page: '/privacy'
}
 GET / 200 in 41834ms
 ○ Compiling /_error ...
 ✓ Compiled /_error in 3s (14389 modules)
 GET /terms 500 in 10143ms
 GET /terms 500 in 10144ms
 ○ Compiling /sign-in ...
 ✓ Compiled /api/auth/me in 6.3s (14499 modules)
 GET /icon.svg?432787fbd3e2c87c 200 in 6031ms
 GET /sign-in 200 in 6606ms
 ○ Compiling /sign-up ...
 GET /api/auth/me 200 in 7685ms
 ✓ Compiled /sign-up in 3s (14505 modules)
 GET /sign-up 200 in 3198ms
 GET / 200 in 60ms
 GET /api/auth/me 200 in 1899ms
 ⨯ TypeError: (0 , react__WEBPACK_IMPORTED_MODULE_0__.createContext) is not a function
    at eval (webpack-internal:///(rsc)/./node_modules/@phosphor-icons/react/dist/lib/context.es.js:7:63)
    at (rsc)/./node_modules/@phosphor-icons/react/dist/lib/context.es.js (D:\Projects\scopedrop\.next\server\vendor-chunks\@phosphor-icons.js:310:1)
    at __webpack_require__ (D:\Projects\scopedrop\.next\server\webpack-runtime.js:33:42)
    at eval (webpack-internal:///(rsc)/./node_modules/@phosphor-icons/react/dist/lib/IconBase.es.js:6:72)
    at (rsc)/./node_modules/@phosphor-icons/react/dist/lib/IconBase.es.js (D:\Projects\scopedrop\.next\server\vendor-chunks\@phosphor-icons.js:300:1)
    at __webpack_require__ (D:\Projects\scopedrop\.next\server\webpack-runtime.js:33:42)
    at eval (webpack-internal:///(rsc)/./node_modules/@phosphor-icons/react/dist/csr/Sparkle.es.js:7:77)
    at (rsc)/./node_modules/@phosphor-icons/react/dist/csr/Sparkle.es.js (D:\Projects\scopedrop\.next\server\vendor-chunks\@phosphor-icons.js:280:1)
    at __webpack_require__ (D:\Projects\scopedrop\.next\server\webpack-runtime.js:33:42)
    at eval (webpack-internal:///(rsc)/./components/legal/LegalPage.tsx:8:79)
    at (rsc)/./components/legal/LegalPage.tsx (D:\Projects\scopedrop\.next\server\app\privacy\page.js:173:1)
    at __webpack_require__ (D:\Projects\scopedrop\.next\server\webpack-runtime.js:33:42)
    at eval (webpack-internal:///(rsc)/./app/privacy/page.tsx:8:85)
    at (rsc)/./app/privacy/page.tsx (D:\Projects\scopedrop\.next\server\app\privacy\page.js:162:1)
    at __webpack_require__ (D:\Projects\scopedrop\.next\server\webpack-runtime.js:33:42)
    at async e7 (D:\Projects\scopedrop\node_modules\next\dist\compiled\next-server\app-page.runtime.dev.js:35:396972)
    at async rU (D:\Projects\scopedrop\node_modules\next\dist\compiled\next-server\app-page.runtime.dev.js:39:7365)
    at async D:\Projects\scopedrop\node_modules\next\dist\compiled\next-server\app-page.runtime.dev.js:39:10412
    at async Promise.all (index 0)
    at async rU (D:\Projects\scopedrop\node_modules\next\dist\compiled\next-server\app-page.runtime.dev.js:39:10117)
    at async rW (D:\Projects\scopedrop\node_modules\next\dist\compiled\next-server\app-page.runtime.dev.js:39:12704)
    at async D:\Projects\scopedrop\node_modules\next\dist\compiled\next-server\app-page.runtime.dev.js:39:13083
    at async Promise.all (index 0)
    at async rW (D:\Projects\scopedrop\node_modules\next\dist\compiled\next-server\app-page.runtime.dev.js:39:13017)
    at async r0 (D:\Projects\scopedrop\node_modules\next\dist\compiled\next-server\app-page.runtime.dev.js:39:16198)
    at async doRender (D:\Projects\scopedrop\node_modules\next\dist\server\base-server.js:1427:30)
    at async cacheEntry.responseCache.get.routeKind (D:\Projects\scopedrop\node_modules\next\dist\server\base-server.js:1588:28)
    at async DevServer.renderToResponseWithComponentsImpl (D:\Projects\scopedrop\node_modules\next\dist\server\base-server.js:1496:28)
    at async DevServer.renderPageComponent (D:\Projects\scopedrop\node_modules\next\dist\server\base-server.js:1924:24)
    at async DevServer.renderToResponseImpl (D:\Projects\scopedrop\node_modules\next\dist\server\base-server.js:1962:32)
    at async DevServer.pipeImpl (D:\Projects\scopedrop\node_modules\next\dist\server\base-server.js:922:25)
    at async NextNodeServer.handleCatchallRenderRequest (D:\Projects\scopedrop\node_modules\next\dist\server\next-server.js:272:17)
    at async DevServer.handleRequestImpl (D:\Projects\scopedrop\node_modules\next\dist\server\base-server.js:818:17)
    at async D:\Projects\scopedrop\node_modules\next\dist\server\dev\next-dev-server.js:339:20
    at async Span.traceAsyncFn (D:\Projects\scopedrop\node_modules\next\dist\trace\trace.js:154:20)
    at async DevServer.handleRequest (D:\Projects\scopedrop\node_modules\next\dist\server\dev\next-dev-server.js:336:24)
    at async invokeRender (D:\Projects\scopedrop\node_modules\next\dist\server\lib\router-server.js:178:21)
    at async handleRequest (D:\Projects\scopedrop\node_modules\next\dist\server\lib\router-server.js:355:24)
    at async requestHandlerImpl (D:\Projects\scopedrop\node_modules\next\dist\server\lib\router-server.js:379:13)
    at async Server.requestListener (D:\Projects\scopedrop\node_modules\next\dist\server\lib\start-server.js:141:13) {
  page: '/privacy'
}
 ⨯ TypeError: (0 , react__WEBPACK_IMPORTED_MODULE_0__.createContext) is not a function
    at __webpack_require__ (D:\Projects\scopedrop\.next\server\webpack-runtime.js:33:42)
    at __webpack_require__ (D:\Projects\scopedrop\.next\server\webpack-runtime.js:33:42)
    at __webpack_require__ (D:\Projects\scopedrop\.next\server\webpack-runtime.js:33:42)
    at eval (./components/legal/LegalPage.tsx:8:79)
    at (rsc)/./components/legal/LegalPage.tsx (D:\Projects\scopedrop\.next\server\app\privacy\page.js:173:1)
    at __webpack_require__ (D:\Projects\scopedrop\.next\server\webpack-runtime.js:33:42)
    at eval (./app/privacy/page.tsx:8:85)
    at (rsc)/./app/privacy/page.tsx (D:\Projects\scopedrop\.next\server\app\privacy\page.js:162:1)
    at __webpack_require__ (D:\Projects\scopedrop\.next\server\webpack-runtime.js:33:42)
    at async Promise.all (index 0)
    at async Promise.all (index 0)
digest: "4007367922"
 ⨯ TypeError: (0 , react__WEBPACK_IMPORTED_MODULE_0__.createContext) is not a function
    at __webpack_require__ (D:\Projects\scopedrop\.next\server\webpack-runtime.js:33:42)
    at __webpack_require__ (D:\Projects\scopedrop\.next\server\webpack-runtime.js:33:42)
    at __webpack_require__ (D:\Projects\scopedrop\.next\server\webpack-runtime.js:33:42)
    at eval (./components/legal/LegalPage.tsx:8:79)
    at (rsc)/./components/legal/LegalPage.tsx (D:\Projects\scopedrop\.next\server\app\privacy\page.js:173:1)
    at __webpack_require__ (D:\Projects\scopedrop\.next\server\webpack-runtime.js:33:42)
    at eval (./app/privacy/page.tsx:8:85)
    at (rsc)/./app/privacy/page.tsx (D:\Projects\scopedrop\.next\server\app\privacy\page.js:162:1)
    at __webpack_require__ (D:\Projects\scopedrop\.next\server\webpack-runtime.js:33:42)
    at async Promise.all (index 0)
    at async Promise.all (index 0)
digest: "4007367922"
 ⨯ TypeError: (0 , react__WEBPACK_IMPORTED_MODULE_0__.createContext) is not a function
    at __webpack_require__ (D:\Projects\scopedrop\.next\server\webpack-runtime.js:33:42)
    at __webpack_require__ (D:\Projects\scopedrop\.next\server\webpack-runtime.js:33:42)
    at __webpack_require__ (D:\Projects\scopedrop\.next\server\webpack-runtime.js:33:42)
    at eval (./components/legal/LegalPage.tsx:8:79)
    at (rsc)/./components/legal/LegalPage.tsx (D:\Projects\scopedrop\.next\server\app\privacy\page.js:173:1)
    at __webpack_require__ (D:\Projects\scopedrop\.next\server\webpack-runtime.js:33:42)
    at eval (./app/privacy/page.tsx:8:85)
    at (rsc)/./app/privacy/page.tsx (D:\Projects\scopedrop\.next\server\app\privacy\page.js:162:1)
    at __webpack_require__ (D:\Projects\scopedrop\.next\server\webpack-runtime.js:33:42)
digest: "2984259696"
TypeError: (0 , react__WEBPACK_IMPORTED_MODULE_0__.createContext) is not a function
    at eval (webpack-internal:///(rsc)/./node_modules/@phosphor-icons/react/dist/lib/context.es.js:7:63)
    at (rsc)/./node_modules/@phosphor-icons/react/dist/lib/context.es.js (D:\Projects\scopedrop\.next\server\vendor-chunks\@phosphor-icons.js:310:1)
    at __webpack_require__ (D:\Projects\scopedrop\.next\server\webpack-runtime.js:33:42)
    at eval (webpack-internal:///(rsc)/./node_modules/@phosphor-icons/react/dist/lib/IconBase.es.js:6:72)
    at (rsc)/./node_modules/@phosphor-icons/react/dist/lib/IconBase.es.js (D:\Projects\scopedrop\.next\server\vendor-chunks\@phosphor-icons.js:300:1)
    at __webpack_require__ (D:\Projects\scopedrop\.next\server\webpack-runtime.js:33:42)
    at eval (webpack-internal:///(rsc)/./node_modules/@phosphor-icons/react/dist/csr/Sparkle.es.js:7:77)
    at (rsc)/./node_modules/@phosphor-icons/react/dist/csr/Sparkle.es.js (D:\Projects\scopedrop\.next\server\vendor-chunks\@phosphor-icons.js:280:1)
    at __webpack_require__ (D:\Projects\scopedrop\.next\server\webpack-runtime.js:33:42)
    at eval (webpack-internal:///(rsc)/./components/legal/LegalPage.tsx:8:79)
    at (rsc)/./components/legal/LegalPage.tsx (D:\Projects\scopedrop\.next\server\app\privacy\page.js:173:1)
    at __webpack_require__ (D:\Projects\scopedrop\.next\server\webpack-runtime.js:33:42)
    at eval (webpack-internal:///(rsc)/./app/privacy/page.tsx:8:85)
    at (rsc)/./app/privacy/page.tsx (D:\Projects\scopedrop\.next\server\app\privacy\page.js:162:1)
    at __webpack_require__ (D:\Projects\scopedrop\.next\server\webpack-runtime.js:33:42)
    at async e7 (D:\Projects\scopedrop\node_modules\next\dist\compiled\next-server\app-page.runtime.dev.js:35:396972)
    at async tS (D:\Projects\scopedrop\node_modules\next\dist\compiled\next-server\app-page.runtime.dev.js:35:400486)
    at async tw (D:\Projects\scopedrop\node_modules\next\dist\compiled\next-server\app-page.runtime.dev.js:35:401047)
    at async tw (D:\Projects\scopedrop\node_modules\next\dist\compiled\next-server\app-page.runtime.dev.js:35:401178)
    at async tw (D:\Projects\scopedrop\node_modules\next\dist\compiled\next-server\app-page.runtime.dev.js:35:401178)
    at async tO (D:\Projects\scopedrop\node_modules\next\dist\compiled\next-server\app-page.runtime.dev.js:36:2320)
    at async D:\Projects\scopedrop\node_modules\next\dist\compiled\next-server\app-page.runtime.dev.js:36:2989 {
  digest: '2984259696'
}
 ⨯ TypeError: (0 , react__WEBPACK_IMPORTED_MODULE_0__.createContext) is not a function
    at eval (webpack-internal:///(rsc)/./node_modules/@phosphor-icons/react/dist/lib/context.es.js:7:63)
    at (rsc)/./node_modules/@phosphor-icons/react/dist/lib/context.es.js (D:\Projects\scopedrop\.next\server\vendor-chunks\@phosphor-icons.js:310:1)
    at __webpack_require__ (D:\Projects\scopedrop\.next\server\webpack-runtime.js:33:42)
    at eval (webpack-internal:///(rsc)/./node_modules/@phosphor-icons/react/dist/lib/IconBase.es.js:6:72)
    at (rsc)/./node_modules/@phosphor-icons/react/dist/lib/IconBase.es.js (D:\Projects\scopedrop\.next\server\vendor-chunks\@phosphor-icons.js:300:1)
    at __webpack_require__ (D:\Projects\scopedrop\.next\server\webpack-runtime.js:33:42)
    at eval (webpack-internal:///(rsc)/./node_modules/@phosphor-icons/react/dist/csr/Sparkle.es.js:7:77)
    at (rsc)/./node_modules/@phosphor-icons/react/dist/csr/Sparkle.es.js (D:\Projects\scopedrop\.next\server\vendor-chunks\@phosphor-icons.js:280:1)
    at __webpack_require__ (D:\Projects\scopedrop\.next\server\webpack-runtime.js:33:42)
    at eval (webpack-internal:///(rsc)/./components/legal/LegalPage.tsx:8:79)
    at (rsc)/./components/legal/LegalPage.tsx (D:\Projects\scopedrop\.next\server\app\privacy\page.js:173:1)
    at __webpack_require__ (D:\Projects\scopedrop\.next\server\webpack-runtime.js:33:42)
    at eval (webpack-internal:///(rsc)/./app/privacy/page.tsx:8:85)
    at (rsc)/./app/privacy/page.tsx (D:\Projects\scopedrop\.next\server\app\privacy\page.js:162:1)
    at __webpack_require__ (D:\Projects\scopedrop\.next\server\webpack-runtime.js:33:42)
    at async e7 (D:\Projects\scopedrop\node_modules\next\dist\compiled\next-server\app-page.runtime.dev.js:35:396972)
    at async tS (D:\Projects\scopedrop\node_modules\next\dist\compiled\next-server\app-page.runtime.dev.js:35:400486)
    at async tw (D:\Projects\scopedrop\node_modules\next\dist\compiled\next-server\app-page.runtime.dev.js:35:401047)
    at async tw (D:\Projects\scopedrop\node_modules\next\dist\compiled\next-server\app-page.runtime.dev.js:35:401178)
    at async tw (D:\Projects\scopedrop\node_modules\next\dist\compiled\next-server\app-page.runtime.dev.js:35:401178)
    at async tO (D:\Projects\scopedrop\node_modules\next\dist\compiled\next-server\app-page.runtime.dev.js:36:2320)
    at async D:\Projects\scopedrop\node_modules\next\dist\compiled\next-server\app-page.runtime.dev.js:36:2989 {
  digest: '2984259696',
  page: '/privacy'
}
 GET /privacy 500 in 84ms
 ⚠ Fast Refresh had to perform a full reload due to a runtime error.
 ✓ Compiled in 3.2s (9978 modules)
 GET /privacy 200 in 1037ms
 GET /api/auth/me 200 in 648ms
 GET /api/auth/me 200 in 221ms
 GET /privacy 200 in 27ms
 GET /privacy 200 in 72ms
 GET /terms 200 in 80ms
 GET /terms 200 in 70ms
 GET /sign-in 200 in 71ms
 GET /sign-up 200 in 74ms
 GET / 200 in 50ms
 ○ Compiling /_not-found ...
 ✓ Compiled /_not-found in 1561ms (9967 modules)
 GET / 404 in 1693ms
 GET /_next/static/css/app/layout.css?v=1780566728171 404 in 45ms
 GET /_next/static/chunks/main-app.js?v=1780566728171 404 in 39ms
 GET /_next/static/chunks/app-pages-internals.js 404 in 33ms
 GET /_next/static/chunks/app/layout.js 404 in 32ms
 ⨯ Error: Cannot find module './948.js'
Require stack:
- D:\Projects\scopedrop\.next\server\webpack-runtime.js
- D:\Projects\scopedrop\.next\server\app\_not-found\page.js
- D:\Projects\scopedrop\node_modules\next\dist\server\require.js
- D:\Projects\scopedrop\node_modules\next\dist\server\load-components.js
- D:\Projects\scopedrop\node_modules\next\dist\build\utils.js
- D:\Projects\scopedrop\node_modules\next\dist\server\dev\hot-middleware.js
- D:\Projects\scopedrop\node_modules\next\dist\server\dev\hot-reloader-webpack.js
- D:\Projects\scopedrop\node_modules\next\dist\server\lib\router-utils\setup-dev-bundler.js
- D:\Projects\scopedrop\node_modules\next\dist\server\lib\router-server.js
- D:\Projects\scopedrop\node_modules\next\dist\server\lib\start-server.js
    at Module.<anonymous> (node:internal/modules/cjs/loader:1421:15)
    at D:\Projects\scopedrop\node_modules\next\dist\server\require-hook.js:55:36
    at defaultResolveImpl (node:internal/modules/cjs/loader:1059:19)
    at resolveForCJSWithHooks (node:internal/modules/cjs/loader:1064:22)
    at Module._load (node:internal/modules/cjs/loader:1227:37)
    at TracingChannel.traceSync (node:diagnostics_channel:328:14)
    at wrapModuleLoad (node:internal/modules/cjs/loader:245:24)
    at Module.<anonymous> (node:internal/modules/cjs/loader:1504:12)
    at mod.require (D:\Projects\scopedrop\node_modules\next\dist\server\require-hook.js:65:28)
    at require (node:internal/modules/helpers:152:16)
    at __webpack_require__.f.require (D:\Projects\scopedrop\.next\server\webpack-runtime.js:203:28)
    at D:\Projects\scopedrop\.next\server\webpack-runtime.js:116:40
    at Array.reduce (<anonymous>)
    at __webpack_require__.e (D:\Projects\scopedrop\.next\server\webpack-runtime.js:115:67)
    at Array.map (<anonymous>)
    at __webpack_require__.X (D:\Projects\scopedrop\.next\server\webpack-runtime.js:167:22)
    at D:\Projects\scopedrop\.next\server\app\page.js:1:76236
    at Object.<anonymous> (D:\Projects\scopedrop\.next\server\app\page.js:1:76290)
    at Module._compile (node:internal/modules/cjs/loader:1761:14)
    at Object..js (node:internal/modules/cjs/loader:1893:10)
    at Module.load (node:internal/modules/cjs/loader:1481:32)
    at Module._load (node:internal/modules/cjs/loader:1300:12)
    at TracingChannel.traceSync (node:diagnostics_channel:328:14)
    at wrapModuleLoad (node:internal/modules/cjs/loader:245:24)
    at Module.<anonymous> (node:internal/modules/cjs/loader:1504:12)
    at mod.require (D:\Projects\scopedrop\node_modules\next\dist\server\require-hook.js:65:28)
    at require (node:internal/modules/helpers:152:16)
    at requirePage (D:\Projects\scopedrop\node_modules\next\dist\server\require.js:109:84)
    at D:\Projects\scopedrop\node_modules\next\dist\server\load-components.js:103:84
    at async loadComponentsImpl (D:\Projects\scopedrop\node_modules\next\dist\server\load-components.js:103:26)
    at async DevServer.findPageComponentsImpl (D:\Projects\scopedrop\node_modules\next\dist\server\next-server.js:714:36)
    at async DevServer.findPageComponents (D:\Projects\scopedrop\node_modules\next\dist\server\dev\next-dev-server.js:577:20)
    at async DevServer.renderPageComponent (D:\Projects\scopedrop\node_modules\next\dist\server\base-server.js:1910:24)
    at async DevServer.renderToResponseImpl (D:\Projects\scopedrop\node_modules\next\dist\server\base-server.js:1962:32)
    at async DevServer.pipeImpl (D:\Projects\scopedrop\node_modules\next\dist\server\base-server.js:922:25)
    at async NextNodeServer.handleCatchallRenderRequest (D:\Projects\scopedrop\node_modules\next\dist\server\next-server.js:272:17)
    at async DevServer.handleRequestImpl (D:\Projects\scopedrop\node_modules\next\dist\server\base-server.js:818:17)
    at async D:\Projects\scopedrop\node_modules\next\dist\server\dev\next-dev-server.js:339:20
    at async Span.traceAsyncFn (D:\Projects\scopedrop\node_modules\next\dist\trace\trace.js:154:20)
    at async DevServer.handleRequest (D:\Projects\scopedrop\node_modules\next\dist\server\dev\next-dev-server.js:336:24)
    at async invokeRender (D:\Projects\scopedrop\node_modules\next\dist\server\lib\router-server.js:178:21)
    at async handleRequest (D:\Projects\scopedrop\node_modules\next\dist\server\lib\router-server.js:355:24)
    at async requestHandlerImpl (D:\Projects\scopedrop\node_modules\next\dist\server\lib\router-server.js:379:13)
    at async Server.requestListener (D:\Projects\scopedrop\node_modules\next\dist\server\lib\start-server.js:141:13) {
  code: 'MODULE_NOT_FOUND',
  requireStack: [
    'D:\\Projects\\scopedrop\\.next\\server\\webpack-runtime.js',
    'D:\\Projects\\scopedrop\\.next\\server\\app\\_not-found\\page.js',
    'D:\\Projects\\scopedrop\\node_modules\\next\\dist\\server\\require.js',
    'D:\\Projects\\scopedrop\\node_modules\\next\\dist\\server\\load-components.js',
    'D:\\Projects\\scopedrop\\node_modules\\next\\dist\\build\\utils.js',
    'D:\\Projects\\scopedrop\\node_modules\\next\\dist\\server\\dev\\hot-middleware.js',
    'D:\\Projects\\scopedrop\\node_modules\\next\\dist\\server\\dev\\hot-reloader-webpack.js',
    'D:\\Projects\\scopedrop\\node_modules\\next\\dist\\server\\lib\\router-utils\\setup-dev-bundler.js',
    'D:\\Projects\\scopedrop\\node_modules\\next\\dist\\server\\lib\\router-server.js',
    'D:\\Projects\\scopedrop\\node_modules\\next\\dist\\server\\lib\\start-server.js'
  ],
  page: '/'
}
 ⨯ Error: Cannot find module './682.js'
Require stack:
- D:\Projects\scopedrop\.next\server\webpack-runtime.js
- D:\Projects\scopedrop\.next\server\app\_not-found\page.js
- D:\Projects\scopedrop\node_modules\next\dist\server\require.js
- D:\Projects\scopedrop\node_modules\next\dist\server\load-components.js
- D:\Projects\scopedrop\node_modules\next\dist\build\utils.js
- D:\Projects\scopedrop\node_modules\next\dist\server\dev\hot-middleware.js
- D:\Projects\scopedrop\node_modules\next\dist\server\dev\hot-reloader-webpack.js
- D:\Projects\scopedrop\node_modules\next\dist\server\lib\router-utils\setup-dev-bundler.js
- D:\Projects\scopedrop\node_modules\next\dist\server\lib\router-server.js
- D:\Projects\scopedrop\node_modules\next\dist\server\lib\start-server.js
    at Module.<anonymous> (node:internal/modules/cjs/loader:1421:15)
    at D:\Projects\scopedrop\node_modules\next\dist\server\require-hook.js:55:36
    at defaultResolveImpl (node:internal/modules/cjs/loader:1059:19)
    at resolveForCJSWithHooks (node:internal/modules/cjs/loader:1064:22)
    at Module._load (node:internal/modules/cjs/loader:1227:37)
    at TracingChannel.traceSync (node:diagnostics_channel:328:14)
    at wrapModuleLoad (node:internal/modules/cjs/loader:245:24)
    at Module.<anonymous> (node:internal/modules/cjs/loader:1504:12)
    at mod.require (D:\Projects\scopedrop\node_modules\next\dist\server\require-hook.js:65:28)
    at require (node:internal/modules/helpers:152:16)
    at __webpack_require__.f.require (D:\Projects\scopedrop\.next\server\webpack-runtime.js:203:28)
    at D:\Projects\scopedrop\.next\server\webpack-runtime.js:116:40
    at Array.reduce (<anonymous>)
    at __webpack_require__.e (D:\Projects\scopedrop\.next\server\webpack-runtime.js:115:67)
    at Array.map (<anonymous>)
    at __webpack_require__.X (D:\Projects\scopedrop\.next\server\webpack-runtime.js:167:22)
    at D:\Projects\scopedrop\.next\server\pages\_document.js:1:340
    at Object.<anonymous> (D:\Projects\scopedrop\.next\server\pages\_document.js:1:382)
    at Module._compile (node:internal/modules/cjs/loader:1761:14)
    at Object..js (node:internal/modules/cjs/loader:1893:10)
    at Module.load (node:internal/modules/cjs/loader:1481:32)
    at Module._load (node:internal/modules/cjs/loader:1300:12)
    at TracingChannel.traceSync (node:diagnostics_channel:328:14)
    at wrapModuleLoad (node:internal/modules/cjs/loader:245:24)
    at Module.<anonymous> (node:internal/modules/cjs/loader:1504:12)
    at mod.require (D:\Projects\scopedrop\node_modules\next\dist\server\require-hook.js:65:28)
    at require (node:internal/modules/helpers:152:16)
    at requirePage (D:\Projects\scopedrop\node_modules\next\dist\server\require.js:109:84)
    at D:\Projects\scopedrop\node_modules\next\dist\server\load-components.js:72:65
    at async Promise.all (index 0)
    at async loadComponentsImpl (D:\Projects\scopedrop\node_modules\next\dist\server\load-components.js:71:33)
    at async DevServer.findPageComponentsImpl (D:\Projects\scopedrop\node_modules\next\dist\server\next-server.js:714:36) {
  code: 'MODULE_NOT_FOUND',
  requireStack: [
    'D:\\Projects\\scopedrop\\.next\\server\\webpack-runtime.js',
    'D:\\Projects\\scopedrop\\.next\\server\\app\\_not-found\\page.js',
    'D:\\Projects\\scopedrop\\node_modules\\next\\dist\\server\\require.js',
    'D:\\Projects\\scopedrop\\node_modules\\next\\dist\\server\\load-components.js',
    'D:\\Projects\\scopedrop\\node_modules\\next\\dist\\build\\utils.js',
    'D:\\Projects\\scopedrop\\node_modules\\next\\dist\\server\\dev\\hot-middleware.js',
    'D:\\Projects\\scopedrop\\node_modules\\next\\dist\\server\\dev\\hot-reloader-webpack.js',
    'D:\\Projects\\scopedrop\\node_modules\\next\\dist\\server\\lib\\router-utils\\setup-dev-bundler.js',
    'D:\\Projects\\scopedrop\\node_modules\\next\\dist\\server\\lib\\router-server.js',
    'D:\\Projects\\scopedrop\\node_modules\\next\\dist\\server\\lib\\start-server.js'
  ]
}
 GET / 500 in 1389ms
<w> [webpack.cache.PackFileCacheStrategy] Caching failed for pack: Error: ENOENT: no such file or directory, lstat 'D:\Projects\scopedrop\.next\server\vendor-chunks\@swc.js'
<w> [webpack.cache.PackFileCacheStrategy/webpack.FileSystemInfo] Resolving './vendor-chunks/@swc' in D:\Projects\scopedrop\.next\server for build dependencies doesn't lead to expected result 'D:\Projects\scopedrop\.next\server\vendor-chunks\@swc.js', but to 'Error: Can't resolve './vendor-chunks/@swc' in 'D:\Projects\scopedrop\.next\server'' instead. Resolving dependencies are ignored for this path.
<w>  at resolve commonjs file ./vendor-chunks/@swc (expected D:\Projects\scopedrop\.next\server\vendor-chunks\@swc.js)
<w>  at file dependencies D:\Projects\scopedrop\.next\server\webpack-runtime.js
<w>  at file D:\Projects\scopedrop\.next\server\webpack-runtime.js
<w>  at file dependencies D:\Projects\scopedrop\.next\server\pages\_app.js
<w>  at file D:\Projects\scopedrop\.next\server\pages\_app.js
<w>  at file dependencies D:\Projects\scopedrop\node_modules\next\dist\server\require.js
<w>  at file D:\Projects\scopedrop\node_modules\next\dist\server\require.js
<w>  at file dependencies D:\Projects\scopedrop\node_modules\next\dist\server\load-components.js
<w>  at file D:\Projects\scopedrop\node_modules\next\dist\server\load-components.js
<w>  at file dependencies D:\Projects\scopedrop\node_modules\next\dist\build\utils.js
<w>  at file D:\Projects\scopedrop\node_modules\next\dist\build\utils.js
<w>  at file dependencies D:\Projects\scopedrop\node_modules\next\dist\build\handle-externals.js
<w>  at file D:\Projects\scopedrop\node_modules\next\dist\build\handle-externals.js
<w>  at file dependencies D:\Projects\scopedrop\node_modules\next\dist\build\webpack\loaders\next-swc-loader.js
<w>  at file D:\Projects\scopedrop\node_modules\next\dist\build\webpack\loaders\next-swc-loader.js
<w>  at resolve commonjs D:\Projects\scopedrop\node_modules\next\dist\build\webpack\loaders\next-swc-loader.js
<w> [webpack.cache.PackFileCacheStrategy/webpack.FileSystemInfo] Resolving './vendor-chunks/next' in D:\Projects\scopedrop\.next\server for build dependencies doesn't lead to expected result 'D:\Projects\scopedrop\.next\server\vendor-chunks\next.js', but to 'Error: Can't resolve './vendor-chunks/next' in 'D:\Projects\scopedrop\.next\server'' instead. Resolving dependencies are ignored for this path.
<w>  at resolve commonjs file ./vendor-chunks/next (expected D:\Projects\scopedrop\.next\server\vendor-chunks\next.js)
<w>  at file dependencies D:\Projects\scopedrop\.next\server\webpack-runtime.js
<w>  at file D:\Projects\scopedrop\.next\server\webpack-runtime.js
<w>  at file dependencies D:\Projects\scopedrop\.next\server\pages\_app.js
<w>  at file D:\Projects\scopedrop\.next\server\pages\_app.js
<w>  at file dependencies D:\Projects\scopedrop\node_modules\next\dist\server\require.js
<w>  at file D:\Projects\scopedrop\node_modules\next\dist\server\require.js
<w>  at file dependencies D:\Projects\scopedrop\node_modules\next\dist\server\load-components.js
<w>  at file D:\Projects\scopedrop\node_modules\next\dist\server\load-components.js
<w>  at file dependencies D:\Projects\scopedrop\node_modules\next\dist\build\utils.js
<w>  at file D:\Projects\scopedrop\node_modules\next\dist\build\utils.js
<w>  at file dependencies D:\Projects\scopedrop\node_modules\next\dist\build\handle-externals.js
<w>  at file D:\Projects\scopedrop\node_modules\next\dist\build\handle-externals.js
<w>  at file dependencies D:\Projects\scopedrop\node_modules\next\dist\build\webpack\loaders\next-swc-loader.js
<w>  at file D:\Projects\scopedrop\node_modules\next\dist\build\webpack\loaders\next-swc-loader.js
<w>  at resolve commonjs D:\Projects\scopedrop\node_modules\next\dist\build\webpack\loaders\next-swc-loader.js
<w> [webpack.cache.PackFileCacheStrategy] Caching failed for pack: Error: ENOENT: no such file or directory, lstat 'D:\Projects\scopedrop\.next\server\pages'
<w> [webpack.cache.PackFileCacheStrategy/webpack.FileSystemInfo] Resolving '../../../../.next/server/pages/_app' in D:\Projects\scopedrop\node_modules\next\dist\server for build dependencies doesn't lead to expected result 'D:\Projects\scopedrop\.next\server\pages\_app.js', but to 'Error: Can't resolve '../../../../.next/server/pages/_app' in 'D:\Projects\scopedrop\node_modules\next\dist\server'' instead. Resolving dependencies are ignored for this path.
<w>  at resolve commonjs file ../../../../.next/server/pages/_app (expected D:\Projects\scopedrop\.next\server\pages\_app.js)
<w>  at file dependencies D:\Projects\scopedrop\node_modules\next\dist\server\require.js
<w>  at file D:\Projects\scopedrop\node_modules\next\dist\server\require.js
<w>  at file dependencies D:\Projects\scopedrop\node_modules\next\dist\server\load-components.js
<w>  at file D:\Projects\scopedrop\node_modules\next\dist\server\load-components.js
<w>  at file dependencies D:\Projects\scopedrop\node_modules\next\dist\build\utils.js
<w>  at file D:\Projects\scopedrop\node_modules\next\dist\build\utils.js
<w>  at file dependencies D:\Projects\scopedrop\node_modules\next\dist\build\webpack\loaders\next-route-loader\index.js
<w>  at file D:\Projects\scopedrop\node_modules\next\dist\build\webpack\loaders\next-route-loader\index.js
<w>  at resolve commonjs D:\Projects\scopedrop\node_modules\next\dist\build\webpack\loaders\next-route-loader\index.js
 ✓ Compiled in 2.5s (9864 modules)
 GET /privacy 200 in 125ms
 ○ Compiling /terms ...
 ✓ Compiled /terms in 618ms (4867 modules)
 ⨯ Error: Cannot find module './948.js'
Require stack:
- D:\Projects\scopedrop\.next\server\webpack-runtime.js
- D:\Projects\scopedrop\.next\server\app\terms\page.js
- D:\Projects\scopedrop\node_modules\next\dist\server\require.js
- D:\Projects\scopedrop\node_modules\next\dist\server\load-components.js
- D:\Projects\scopedrop\node_modules\next\dist\build\utils.js
- D:\Projects\scopedrop\node_modules\next\dist\server\dev\hot-middleware.js
- D:\Projects\scopedrop\node_modules\next\dist\server\dev\hot-reloader-webpack.js
- D:\Projects\scopedrop\node_modules\next\dist\server\lib\router-utils\setup-dev-bundler.js
- D:\Projects\scopedrop\node_modules\next\dist\server\lib\router-server.js
- D:\Projects\scopedrop\node_modules\next\dist\server\lib\start-server.js
    at Module.<anonymous> (node:internal/modules/cjs/loader:1421:15)
    at D:\Projects\scopedrop\node_modules\next\dist\server\require-hook.js:55:36
    at defaultResolveImpl (node:internal/modules/cjs/loader:1059:19)
    at resolveForCJSWithHooks (node:internal/modules/cjs/loader:1064:22)
    at Module._load (node:internal/modules/cjs/loader:1227:37)
    at TracingChannel.traceSync (node:diagnostics_channel:328:14)
    at wrapModuleLoad (node:internal/modules/cjs/loader:245:24)
    at Module.<anonymous> (node:internal/modules/cjs/loader:1504:12)
    at mod.require (D:\Projects\scopedrop\node_modules\next\dist\server\require-hook.js:65:28)
    at require (node:internal/modules/helpers:152:16)
    at __webpack_require__.f.require (D:\Projects\scopedrop\.next\server\webpack-runtime.js:198:28)
    at D:\Projects\scopedrop\.next\server\webpack-runtime.js:111:40
    at Array.reduce (<anonymous>)
    at __webpack_require__.e (D:\Projects\scopedrop\.next\server\webpack-runtime.js:110:67)
    at Array.map (<anonymous>)
    at __webpack_require__.X (D:\Projects\scopedrop\.next\server\webpack-runtime.js:162:22)
    at D:\Projects\scopedrop\.next\server\app\terms\page.js:1:15488
    at Object.<anonymous> (D:\Projects\scopedrop\.next\server\app\terms\page.js:1:15542)
    at Module._compile (node:internal/modules/cjs/loader:1761:14)
    at Object..js (node:internal/modules/cjs/loader:1893:10)
    at Module.load (node:internal/modules/cjs/loader:1481:32)
    at Module._load (node:internal/modules/cjs/loader:1300:12)
    at TracingChannel.traceSync (node:diagnostics_channel:328:14)
    at wrapModuleLoad (node:internal/modules/cjs/loader:245:24)
    at Module.<anonymous> (node:internal/modules/cjs/loader:1504:12)
    at mod.require (D:\Projects\scopedrop\node_modules\next\dist\server\require-hook.js:65:28)
    at require (node:internal/modules/helpers:152:16)
    at requirePage (D:\Projects\scopedrop\node_modules\next\dist\server\require.js:109:84)
    at D:\Projects\scopedrop\node_modules\next\dist\server\load-components.js:103:84
    at async loadComponentsImpl (D:\Projects\scopedrop\node_modules\next\dist\server\load-components.js:103:26)
    at async DevServer.findPageComponentsImpl (D:\Projects\scopedrop\node_modules\next\dist\server\next-server.js:714:36)
    at async DevServer.findPageComponents (D:\Projects\scopedrop\node_modules\next\dist\server\dev\next-dev-server.js:577:20)
    at async DevServer.renderPageComponent (D:\Projects\scopedrop\node_modules\next\dist\server\base-server.js:1910:24)
    at async DevServer.renderToResponseImpl (D:\Projects\scopedrop\node_modules\next\dist\server\base-server.js:1962:32)
    at async DevServer.pipeImpl (D:\Projects\scopedrop\node_modules\next\dist\server\base-server.js:922:25)
    at async NextNodeServer.handleCatchallRenderRequest (D:\Projects\scopedrop\node_modules\next\dist\server\next-server.js:272:17)
    at async DevServer.handleRequestImpl (D:\Projects\scopedrop\node_modules\next\dist\server\base-server.js:818:17)
    at async D:\Projects\scopedrop\node_modules\next\dist\server\dev\next-dev-server.js:339:20
    at async Span.traceAsyncFn (D:\Projects\scopedrop\node_modules\next\dist\trace\trace.js:154:20)
    at async DevServer.handleRequest (D:\Projects\scopedrop\node_modules\next\dist\server\dev\next-dev-server.js:336:24)
    at async invokeRender (D:\Projects\scopedrop\node_modules\next\dist\server\lib\router-server.js:178:21)
    at async handleRequest (D:\Projects\scopedrop\node_modules\next\dist\server\lib\router-server.js:355:24)
    at async requestHandlerImpl (D:\Projects\scopedrop\node_modules\next\dist\server\lib\router-server.js:379:13)
    at async Server.requestListener (D:\Projects\scopedrop\node_modules\next\dist\server\lib\start-server.js:141:13) {
  code: 'MODULE_NOT_FOUND',
  requireStack: [
    'D:\\Projects\\scopedrop\\.next\\server\\webpack-runtime.js',
    'D:\\Projects\\scopedrop\\.next\\server\\app\\terms\\page.js',
    'D:\\Projects\\scopedrop\\node_modules\\next\\dist\\server\\require.js',
    'D:\\Projects\\scopedrop\\node_modules\\next\\dist\\server\\load-components.js',
    'D:\\Projects\\scopedrop\\node_modules\\next\\dist\\build\\utils.js',
    'D:\\Projects\\scopedrop\\node_modules\\next\\dist\\server\\dev\\hot-middleware.js',
    'D:\\Projects\\scopedrop\\node_modules\\next\\dist\\server\\dev\\hot-reloader-webpack.js',
    'D:\\Projects\\scopedrop\\node_modules\\next\\dist\\server\\lib\\router-utils\\setup-dev-bundler.js',
    'D:\\Projects\\scopedrop\\node_modules\\next\\dist\\server\\lib\\router-server.js',
    'D:\\Projects\\scopedrop\\node_modules\\next\\dist\\server\\lib\\start-server.js'
  ],
  page: '/terms'
}
 ⨯ Error: Cannot find module './682.js'
Require stack:
- D:\Projects\scopedrop\.next\server\webpack-runtime.js
- D:\Projects\scopedrop\.next\server\app\terms\page.js
- D:\Projects\scopedrop\node_modules\next\dist\server\require.js
- D:\Projects\scopedrop\node_modules\next\dist\server\load-components.js
- D:\Projects\scopedrop\node_modules\next\dist\build\utils.js
- D:\Projects\scopedrop\node_modules\next\dist\server\dev\hot-middleware.js
- D:\Projects\scopedrop\node_modules\next\dist\server\dev\hot-reloader-webpack.js
- D:\Projects\scopedrop\node_modules\next\dist\server\lib\router-utils\setup-dev-bundler.js
- D:\Projects\scopedrop\node_modules\next\dist\server\lib\router-server.js
- D:\Projects\scopedrop\node_modules\next\dist\server\lib\start-server.js
    at Module.<anonymous> (node:internal/modules/cjs/loader:1421:15)
    at D:\Projects\scopedrop\node_modules\next\dist\server\require-hook.js:55:36
    at defaultResolveImpl (node:internal/modules/cjs/loader:1059:19)
    at resolveForCJSWithHooks (node:internal/modules/cjs/loader:1064:22)
    at Module._load (node:internal/modules/cjs/loader:1227:37)
    at TracingChannel.traceSync (node:diagnostics_channel:328:14)
    at wrapModuleLoad (node:internal/modules/cjs/loader:245:24)
    at Module.<anonymous> (node:internal/modules/cjs/loader:1504:12)
    at mod.require (D:\Projects\scopedrop\node_modules\next\dist\server\require-hook.js:65:28)
    at require (node:internal/modules/helpers:152:16)
    at __webpack_require__.f.require (D:\Projects\scopedrop\.next\server\webpack-runtime.js:198:28)
    at D:\Projects\scopedrop\.next\server\webpack-runtime.js:111:40
    at Array.reduce (<anonymous>)
    at __webpack_require__.e (D:\Projects\scopedrop\.next\server\webpack-runtime.js:110:67)
    at Array.map (<anonymous>)
    at __webpack_require__.X (D:\Projects\scopedrop\.next\server\webpack-runtime.js:162:22)
    at D:\Projects\scopedrop\.next\server\pages\_document.js:1:340
    at Object.<anonymous> (D:\Projects\scopedrop\.next\server\pages\_document.js:1:382)
    at Module._compile (node:internal/modules/cjs/loader:1761:14)
    at Object..js (node:internal/modules/cjs/loader:1893:10)
    at Module.load (node:internal/modules/cjs/loader:1481:32)
    at Module._load (node:internal/modules/cjs/loader:1300:12)
    at TracingChannel.traceSync (node:diagnostics_channel:328:14)
    at wrapModuleLoad (node:internal/modules/cjs/loader:245:24)
    at Module.<anonymous> (node:internal/modules/cjs/loader:1504:12)
    at mod.require (D:\Projects\scopedrop\node_modules\next\dist\server\require-hook.js:65:28)
    at require (node:internal/modules/helpers:152:16)
    at requirePage (D:\Projects\scopedrop\node_modules\next\dist\server\require.js:109:84)
    at D:\Projects\scopedrop\node_modules\next\dist\server\load-components.js:72:65
    at async Promise.all (index 0)
    at async loadComponentsImpl (D:\Projects\scopedrop\node_modules\next\dist\server\load-components.js:71:33)
    at async DevServer.findPageComponentsImpl (D:\Projects\scopedrop\node_modules\next\dist\server\next-server.js:714:36) {
  code: 'MODULE_NOT_FOUND',
  requireStack: [
    'D:\\Projects\\scopedrop\\.next\\server\\webpack-runtime.js',
    'D:\\Projects\\scopedrop\\.next\\server\\app\\terms\\page.js',
    'D:\\Projects\\scopedrop\\node_modules\\next\\dist\\server\\require.js',
    'D:\\Projects\\scopedrop\\node_modules\\next\\dist\\server\\load-components.js',
    'D:\\Projects\\scopedrop\\node_modules\\next\\dist\\build\\utils.js',
    'D:\\Projects\\scopedrop\\node_modules\\next\\dist\\server\\dev\\hot-middleware.js',
    'D:\\Projects\\scopedrop\\node_modules\\next\\dist\\server\\dev\\hot-reloader-webpack.js',
    'D:\\Projects\\scopedrop\\node_modules\\next\\dist\\server\\lib\\router-utils\\setup-dev-bundler.js',
    'D:\\Projects\\scopedrop\\node_modules\\next\\dist\\server\\lib\\router-server.js',
    'D:\\Projects\\scopedrop\\node_modules\\next\\dist\\server\\lib\\start-server.js'
  ]
}
 GET /terms 500 in 668ms
 ✓ Compiled /sign-in in 454ms (4873 modules)
 ⨯ Error: Cannot find module './948.js'
Require stack:
- D:\Projects\scopedrop\.next\server\webpack-runtime.js
- D:\Projects\scopedrop\.next\server\app\(auth)\sign-in\page.js
- D:\Projects\scopedrop\node_modules\next\dist\server\require.js
- D:\Projects\scopedrop\node_modules\next\dist\server\load-components.js
- D:\Projects\scopedrop\node_modules\next\dist\build\utils.js
- D:\Projects\scopedrop\node_modules\next\dist\server\dev\hot-middleware.js
- D:\Projects\scopedrop\node_modules\next\dist\server\dev\hot-reloader-webpack.js
- D:\Projects\scopedrop\node_modules\next\dist\server\lib\router-utils\setup-dev-bundler.js
- D:\Projects\scopedrop\node_modules\next\dist\server\lib\router-server.js
- D:\Projects\scopedrop\node_modules\next\dist\server\lib\start-server.js
    at Module.<anonymous> (node:internal/modules/cjs/loader:1421:15)
    at D:\Projects\scopedrop\node_modules\next\dist\server\require-hook.js:55:36
    at defaultResolveImpl (node:internal/modules/cjs/loader:1059:19)
    at resolveForCJSWithHooks (node:internal/modules/cjs/loader:1064:22)
    at Module._load (node:internal/modules/cjs/loader:1227:37)
    at TracingChannel.traceSync (node:diagnostics_channel:328:14)
    at wrapModuleLoad (node:internal/modules/cjs/loader:245:24)
    at Module.<anonymous> (node:internal/modules/cjs/loader:1504:12)
    at mod.require (D:\Projects\scopedrop\node_modules\next\dist\server\require-hook.js:65:28)
    at require (node:internal/modules/helpers:152:16)
    at __webpack_require__.f.require (D:\Projects\scopedrop\.next\server\webpack-runtime.js:198:28)
    at D:\Projects\scopedrop\.next\server\webpack-runtime.js:111:40
    at Array.reduce (<anonymous>)
    at __webpack_require__.e (D:\Projects\scopedrop\.next\server\webpack-runtime.js:110:67)
    at Array.map (<anonymous>)
    at __webpack_require__.X (D:\Projects\scopedrop\.next\server\webpack-runtime.js:162:22)
    at D:\Projects\scopedrop\.next\server\app\(auth)\sign-in\page.js:1:13288
    at Object.<anonymous> (D:\Projects\scopedrop\.next\server\app\(auth)\sign-in\page.js:1:13342)
    at Module._compile (node:internal/modules/cjs/loader:1761:14)
    at Object..js (node:internal/modules/cjs/loader:1893:10)
    at Module.load (node:internal/modules/cjs/loader:1481:32)
    at Module._load (node:internal/modules/cjs/loader:1300:12)
    at TracingChannel.traceSync (node:diagnostics_channel:328:14)
    at wrapModuleLoad (node:internal/modules/cjs/loader:245:24)
    at Module.<anonymous> (node:internal/modules/cjs/loader:1504:12)
    at mod.require (D:\Projects\scopedrop\node_modules\next\dist\server\require-hook.js:65:28)
    at require (node:internal/modules/helpers:152:16)
    at requirePage (D:\Projects\scopedrop\node_modules\next\dist\server\require.js:109:84)
    at D:\Projects\scopedrop\node_modules\next\dist\server\load-components.js:103:84
    at async loadComponentsImpl (D:\Projects\scopedrop\node_modules\next\dist\server\load-components.js:103:26)
    at async DevServer.findPageComponentsImpl (D:\Projects\scopedrop\node_modules\next\dist\server\next-server.js:714:36)
    at async DevServer.findPageComponents (D:\Projects\scopedrop\node_modules\next\dist\server\dev\next-dev-server.js:577:20)
    at async DevServer.renderPageComponent (D:\Projects\scopedrop\node_modules\next\dist\server\base-server.js:1910:24)
    at async DevServer.renderToResponseImpl (D:\Projects\scopedrop\node_modules\next\dist\server\base-server.js:1962:32)
    at async DevServer.pipeImpl (D:\Projects\scopedrop\node_modules\next\dist\server\base-server.js:922:25)
    at async NextNodeServer.handleCatchallRenderRequest (D:\Projects\scopedrop\node_modules\next\dist\server\next-server.js:272:17)
    at async DevServer.handleRequestImpl (D:\Projects\scopedrop\node_modules\next\dist\server\base-server.js:818:17)
    at async D:\Projects\scopedrop\node_modules\next\dist\server\dev\next-dev-server.js:339:20
    at async Span.traceAsyncFn (D:\Projects\scopedrop\node_modules\next\dist\trace\trace.js:154:20)
    at async DevServer.handleRequest (D:\Projects\scopedrop\node_modules\next\dist\server\dev\next-dev-server.js:336:24)
    at async invokeRender (D:\Projects\scopedrop\node_modules\next\dist\server\lib\router-server.js:178:21)
    at async handleRequest (D:\Projects\scopedrop\node_modules\next\dist\server\lib\router-server.js:355:24)
    at async requestHandlerImpl (D:\Projects\scopedrop\node_modules\next\dist\server\lib\router-server.js:379:13)
    at async Server.requestListener (D:\Projects\scopedrop\node_modules\next\dist\server\lib\start-server.js:141:13) {
  code: 'MODULE_NOT_FOUND',
  requireStack: [
    'D:\\Projects\\scopedrop\\.next\\server\\webpack-runtime.js',
    'D:\\Projects\\scopedrop\\.next\\server\\app\\(auth)\\sign-in\\page.js',
    'D:\\Projects\\scopedrop\\node_modules\\next\\dist\\server\\require.js',
    'D:\\Projects\\scopedrop\\node_modules\\next\\dist\\server\\load-components.js',
    'D:\\Projects\\scopedrop\\node_modules\\next\\dist\\build\\utils.js',
    'D:\\Projects\\scopedrop\\node_modules\\next\\dist\\server\\dev\\hot-middleware.js',
    'D:\\Projects\\scopedrop\\node_modules\\next\\dist\\server\\dev\\hot-reloader-webpack.js',
    'D:\\Projects\\scopedrop\\node_modules\\next\\dist\\server\\lib\\router-utils\\setup-dev-bundler.js',
    'D:\\Projects\\scopedrop\\node_modules\\next\\dist\\server\\lib\\router-server.js',
    'D:\\Projects\\scopedrop\\node_modules\\next\\dist\\server\\lib\\start-server.js'
  ],
  page: '/sign-in'
}
 ⨯ Error: Cannot find module './682.js'
Require stack:
- D:\Projects\scopedrop\.next\server\webpack-runtime.js
- D:\Projects\scopedrop\.next\server\app\(auth)\sign-in\page.js
- D:\Projects\scopedrop\node_modules\next\dist\server\require.js
- D:\Projects\scopedrop\node_modules\next\dist\server\load-components.js
- D:\Projects\scopedrop\node_modules\next\dist\build\utils.js
- D:\Projects\scopedrop\node_modules\next\dist\server\dev\hot-middleware.js
- D:\Projects\scopedrop\node_modules\next\dist\server\dev\hot-reloader-webpack.js
- D:\Projects\scopedrop\node_modules\next\dist\server\lib\router-utils\setup-dev-bundler.js
- D:\Projects\scopedrop\node_modules\next\dist\server\lib\router-server.js
- D:\Projects\scopedrop\node_modules\next\dist\server\lib\start-server.js
    at Module.<anonymous> (node:internal/modules/cjs/loader:1421:15)
    at D:\Projects\scopedrop\node_modules\next\dist\server\require-hook.js:55:36
    at defaultResolveImpl (node:internal/modules/cjs/loader:1059:19)
    at resolveForCJSWithHooks (node:internal/modules/cjs/loader:1064:22)
    at Module._load (node:internal/modules/cjs/loader:1227:37)
    at TracingChannel.traceSync (node:diagnostics_channel:328:14)
    at wrapModuleLoad (node:internal/modules/cjs/loader:245:24)
    at Module.<anonymous> (node:internal/modules/cjs/loader:1504:12)
    at mod.require (D:\Projects\scopedrop\node_modules\next\dist\server\require-hook.js:65:28)
    at require (node:internal/modules/helpers:152:16)
    at __webpack_require__.f.require (D:\Projects\scopedrop\.next\server\webpack-runtime.js:198:28)
    at D:\Projects\scopedrop\.next\server\webpack-runtime.js:111:40
    at Array.reduce (<anonymous>)
    at __webpack_require__.e (D:\Projects\scopedrop\.next\server\webpack-runtime.js:110:67)
    at Array.map (<anonymous>)
    at __webpack_require__.X (D:\Projects\scopedrop\.next\server\webpack-runtime.js:162:22)
    at D:\Projects\scopedrop\.next\server\pages\_document.js:1:340
    at Object.<anonymous> (D:\Projects\scopedrop\.next\server\pages\_document.js:1:382)
    at Module._compile (node:internal/modules/cjs/loader:1761:14)
    at Object..js (node:internal/modules/cjs/loader:1893:10)
    at Module.load (node:internal/modules/cjs/loader:1481:32)
    at Module._load (node:internal/modules/cjs/loader:1300:12)
    at TracingChannel.traceSync (node:diagnostics_channel:328:14)
    at wrapModuleLoad (node:internal/modules/cjs/loader:245:24)
    at Module.<anonymous> (node:internal/modules/cjs/loader:1504:12)
    at mod.require (D:\Projects\scopedrop\node_modules\next\dist\server\require-hook.js:65:28)
    at require (node:internal/modules/helpers:152:16)
    at requirePage (D:\Projects\scopedrop\node_modules\next\dist\server\require.js:109:84)
    at D:\Projects\scopedrop\node_modules\next\dist\server\load-components.js:72:65
    at async Promise.all (index 0)
    at async loadComponentsImpl (D:\Projects\scopedrop\node_modules\next\dist\server\load-components.js:71:33)
    at async DevServer.findPageComponentsImpl (D:\Projects\scopedrop\node_modules\next\dist\server\next-server.js:714:36) {
  code: 'MODULE_NOT_FOUND',
  requireStack: [
    'D:\\Projects\\scopedrop\\.next\\server\\webpack-runtime.js',
    'D:\\Projects\\scopedrop\\.next\\server\\app\\(auth)\\sign-in\\page.js',
    'D:\\Projects\\scopedrop\\node_modules\\next\\dist\\server\\require.js',
    'D:\\Projects\\scopedrop\\node_modules\\next\\dist\\server\\load-components.js',
    'D:\\Projects\\scopedrop\\node_modules\\next\\dist\\build\\utils.js',
    'D:\\Projects\\scopedrop\\node_modules\\next\\dist\\server\\dev\\hot-middleware.js',
    'D:\\Projects\\scopedrop\\node_modules\\next\\dist\\server\\dev\\hot-reloader-webpack.js',
    'D:\\Projects\\scopedrop\\node_modules\\next\\dist\\server\\lib\\router-utils\\setup-dev-bundler.js',
    'D:\\Projects\\scopedrop\\node_modules\\next\\dist\\server\\lib\\router-server.js',
    'D:\\Projects\\scopedrop\\node_modules\\next\\dist\\server\\lib\\start-server.js'
  ]
}
 GET /sign-in 500 in 502ms
 ✓ Compiled /sign-up in 431ms (4877 modules)
 ⨯ Error: Cannot find module './948.js'
Require stack:
- D:\Projects\scopedrop\.next\server\webpack-runtime.js
- D:\Projects\scopedrop\.next\server\app\(auth)\sign-up\page.js
- D:\Projects\scopedrop\node_modules\next\dist\server\require.js
- D:\Projects\scopedrop\node_modules\next\dist\server\load-components.js
- D:\Projects\scopedrop\node_modules\next\dist\build\utils.js
- D:\Projects\scopedrop\node_modules\next\dist\server\dev\hot-middleware.js
- D:\Projects\scopedrop\node_modules\next\dist\server\dev\hot-reloader-webpack.js
- D:\Projects\scopedrop\node_modules\next\dist\server\lib\router-utils\setup-dev-bundler.js
- D:\Projects\scopedrop\node_modules\next\dist\server\lib\router-server.js
- D:\Projects\scopedrop\node_modules\next\dist\server\lib\start-server.js
    at Module.<anonymous> (node:internal/modules/cjs/loader:1421:15)
    at D:\Projects\scopedrop\node_modules\next\dist\server\require-hook.js:55:36
    at defaultResolveImpl (node:internal/modules/cjs/loader:1059:19)
    at resolveForCJSWithHooks (node:internal/modules/cjs/loader:1064:22)
    at Module._load (node:internal/modules/cjs/loader:1227:37)
    at TracingChannel.traceSync (node:diagnostics_channel:328:14)
    at wrapModuleLoad (node:internal/modules/cjs/loader:245:24)
    at Module.<anonymous> (node:internal/modules/cjs/loader:1504:12)
    at mod.require (D:\Projects\scopedrop\node_modules\next\dist\server\require-hook.js:65:28)
    at require (node:internal/modules/helpers:152:16)
    at __webpack_require__.f.require (D:\Projects\scopedrop\.next\server\webpack-runtime.js:198:28)
    at D:\Projects\scopedrop\.next\server\webpack-runtime.js:111:40
    at Array.reduce (<anonymous>)
    at __webpack_require__.e (D:\Projects\scopedrop\.next\server\webpack-runtime.js:110:67)
    at Array.map (<anonymous>)
    at __webpack_require__.X (D:\Projects\scopedrop\.next\server\webpack-runtime.js:162:22)
    at D:\Projects\scopedrop\.next\server\app\(auth)\sign-up\page.js:1:13133
    at Object.<anonymous> (D:\Projects\scopedrop\.next\server\app\(auth)\sign-up\page.js:1:13187)
    at Module._compile (node:internal/modules/cjs/loader:1761:14)
    at Object..js (node:internal/modules/cjs/loader:1893:10)
    at Module.load (node:internal/modules/cjs/loader:1481:32)
    at Module._load (node:internal/modules/cjs/loader:1300:12)
    at TracingChannel.traceSync (node:diagnostics_channel:328:14)
    at wrapModuleLoad (node:internal/modules/cjs/loader:245:24)
    at Module.<anonymous> (node:internal/modules/cjs/loader:1504:12)
    at mod.require (D:\Projects\scopedrop\node_modules\next\dist\server\require-hook.js:65:28)
    at require (node:internal/modules/helpers:152:16)
    at requirePage (D:\Projects\scopedrop\node_modules\next\dist\server\require.js:109:84)
    at D:\Projects\scopedrop\node_modules\next\dist\server\load-components.js:103:84
    at async loadComponentsImpl (D:\Projects\scopedrop\node_modules\next\dist\server\load-components.js:103:26)
    at async DevServer.findPageComponentsImpl (D:\Projects\scopedrop\node_modules\next\dist\server\next-server.js:714:36)
    at async DevServer.findPageComponents (D:\Projects\scopedrop\node_modules\next\dist\server\dev\next-dev-server.js:577:20)
    at async DevServer.renderPageComponent (D:\Projects\scopedrop\node_modules\next\dist\server\base-server.js:1910:24)
    at async DevServer.renderToResponseImpl (D:\Projects\scopedrop\node_modules\next\dist\server\base-server.js:1962:32)
    at async DevServer.pipeImpl (D:\Projects\scopedrop\node_modules\next\dist\server\base-server.js:922:25)
    at async NextNodeServer.handleCatchallRenderRequest (D:\Projects\scopedrop\node_modules\next\dist\server\next-server.js:272:17)
    at async DevServer.handleRequestImpl (D:\Projects\scopedrop\node_modules\next\dist\server\base-server.js:818:17)
    at async D:\Projects\scopedrop\node_modules\next\dist\server\dev\next-dev-server.js:339:20
    at async Span.traceAsyncFn (D:\Projects\scopedrop\node_modules\next\dist\trace\trace.js:154:20)
    at async DevServer.handleRequest (D:\Projects\scopedrop\node_modules\next\dist\server\dev\next-dev-server.js:336:24)
    at async invokeRender (D:\Projects\scopedrop\node_modules\next\dist\server\lib\router-server.js:178:21)
    at async handleRequest (D:\Projects\scopedrop\node_modules\next\dist\server\lib\router-server.js:355:24)
    at async requestHandlerImpl (D:\Projects\scopedrop\node_modules\next\dist\server\lib\router-server.js:379:13)
    at async Server.requestListener (D:\Projects\scopedrop\node_modules\next\dist\server\lib\start-server.js:141:13) {
  code: 'MODULE_NOT_FOUND',
  requireStack: [
    'D:\\Projects\\scopedrop\\.next\\server\\webpack-runtime.js',
    'D:\\Projects\\scopedrop\\.next\\server\\app\\(auth)\\sign-up\\page.js',
    'D:\\Projects\\scopedrop\\node_modules\\next\\dist\\server\\require.js',
    'D:\\Projects\\scopedrop\\node_modules\\next\\dist\\server\\load-components.js',
    'D:\\Projects\\scopedrop\\node_modules\\next\\dist\\build\\utils.js',
    'D:\\Projects\\scopedrop\\node_modules\\next\\dist\\server\\dev\\hot-middleware.js',
    'D:\\Projects\\scopedrop\\node_modules\\next\\dist\\server\\dev\\hot-reloader-webpack.js',
    'D:\\Projects\\scopedrop\\node_modules\\next\\dist\\server\\lib\\router-utils\\setup-dev-bundler.js',
    'D:\\Projects\\scopedrop\\node_modules\\next\\dist\\server\\lib\\router-server.js',
    'D:\\Projects\\scopedrop\\node_modules\\next\\dist\\server\\lib\\start-server.js'
  ],
  page: '/sign-up'
}
 ⨯ Error: Cannot find module './682.js'
Require stack:
- D:\Projects\scopedrop\.next\server\webpack-runtime.js
- D:\Projects\scopedrop\.next\server\app\(auth)\sign-up\page.js
- D:\Projects\scopedrop\node_modules\next\dist\server\require.js
- D:\Projects\scopedrop\node_modules\next\dist\server\load-components.js
- D:\Projects\scopedrop\node_modules\next\dist\build\utils.js
- D:\Projects\scopedrop\node_modules\next\dist\server\dev\hot-middleware.js
- D:\Projects\scopedrop\node_modules\next\dist\server\dev\hot-reloader-webpack.js
- D:\Projects\scopedrop\node_modules\next\dist\server\lib\router-utils\setup-dev-bundler.js
- D:\Projects\scopedrop\node_modules\next\dist\server\lib\router-server.js
- D:\Projects\scopedrop\node_modules\next\dist\server\lib\start-server.js
    at Module.<anonymous> (node:internal/modules/cjs/loader:1421:15)
    at D:\Projects\scopedrop\node_modules\next\dist\server\require-hook.js:55:36
    at defaultResolveImpl (node:internal/modules/cjs/loader:1059:19)
    at resolveForCJSWithHooks (node:internal/modules/cjs/loader:1064:22)
    at Module._load (node:internal/modules/cjs/loader:1227:37)
    at TracingChannel.traceSync (node:diagnostics_channel:328:14)
    at wrapModuleLoad (node:internal/modules/cjs/loader:245:24)
    at Module.<anonymous> (node:internal/modules/cjs/loader:1504:12)
    at mod.require (D:\Projects\scopedrop\node_modules\next\dist\server\require-hook.js:65:28)
    at require (node:internal/modules/helpers:152:16)
    at __webpack_require__.f.require (D:\Projects\scopedrop\.next\server\webpack-runtime.js:198:28)
    at D:\Projects\scopedrop\.next\server\webpack-runtime.js:111:40
    at Array.reduce (<anonymous>)
    at __webpack_require__.e (D:\Projects\scopedrop\.next\server\webpack-runtime.js:110:67)
    at Array.map (<anonymous>)
    at __webpack_require__.X (D:\Projects\scopedrop\.next\server\webpack-runtime.js:162:22)
    at D:\Projects\scopedrop\.next\server\pages\_document.js:1:340
    at Object.<anonymous> (D:\Projects\scopedrop\.next\server\pages\_document.js:1:382)
    at Module._compile (node:internal/modules/cjs/loader:1761:14)
    at Object..js (node:internal/modules/cjs/loader:1893:10)
    at Module.load (node:internal/modules/cjs/loader:1481:32)
    at Module._load (node:internal/modules/cjs/loader:1300:12)
    at TracingChannel.traceSync (node:diagnostics_channel:328:14)
    at wrapModuleLoad (node:internal/modules/cjs/loader:245:24)
    at Module.<anonymous> (node:internal/modules/cjs/loader:1504:12)
    at mod.require (D:\Projects\scopedrop\node_modules\next\dist\server\require-hook.js:65:28)
    at require (node:internal/modules/helpers:152:16)
    at requirePage (D:\Projects\scopedrop\node_modules\next\dist\server\require.js:109:84)
    at D:\Projects\scopedrop\node_modules\next\dist\server\load-components.js:72:65
    at async Promise.all (index 0)
    at async loadComponentsImpl (D:\Projects\scopedrop\node_modules\next\dist\server\load-components.js:71:33)
    at async DevServer.findPageComponentsImpl (D:\Projects\scopedrop\node_modules\next\dist\server\next-server.js:714:36) {
  code: 'MODULE_NOT_FOUND',
  requireStack: [
    'D:\\Projects\\scopedrop\\.next\\server\\webpack-runtime.js',
    'D:\\Projects\\scopedrop\\.next\\server\\app\\(auth)\\sign-up\\page.js',
    'D:\\Projects\\scopedrop\\node_modules\\next\\dist\\server\\require.js',
    'D:\\Projects\\scopedrop\\node_modules\\next\\dist\\server\\load-components.js',
    'D:\\Projects\\scopedrop\\node_modules\\next\\dist\\build\\utils.js',
    'D:\\Projects\\scopedrop\\node_modules\\next\\dist\\server\\dev\\hot-middleware.js',
    'D:\\Projects\\scopedrop\\node_modules\\next\\dist\\server\\dev\\hot-reloader-webpack.js',
    'D:\\Projects\\scopedrop\\node_modules\\next\\dist\\server\\lib\\router-utils\\setup-dev-bundler.js',
    'D:\\Projects\\scopedrop\\node_modules\\next\\dist\\server\\lib\\router-server.js',
    'D:\\Projects\\scopedrop\\node_modules\\next\\dist\\server\\lib\\start-server.js'
  ]
}
 GET /sign-up 500 in 498ms
 ⨯ Error: Cannot find module './948.js'
Require stack:
- D:\Projects\scopedrop\.next\server\webpack-runtime.js
- D:\Projects\scopedrop\.next\server\app\(auth)\sign-up\page.js
- D:\Projects\scopedrop\node_modules\next\dist\server\require.js
- D:\Projects\scopedrop\node_modules\next\dist\server\load-components.js
- D:\Projects\scopedrop\node_modules\next\dist\build\utils.js
- D:\Projects\scopedrop\node_modules\next\dist\server\dev\hot-middleware.js
- D:\Projects\scopedrop\node_modules\next\dist\server\dev\hot-reloader-webpack.js
- D:\Projects\scopedrop\node_modules\next\dist\server\lib\router-utils\setup-dev-bundler.js
- D:\Projects\scopedrop\node_modules\next\dist\server\lib\router-server.js
- D:\Projects\scopedrop\node_modules\next\dist\server\lib\start-server.js
    at Module.<anonymous> (node:internal/modules/cjs/loader:1421:15)
    at D:\Projects\scopedrop\node_modules\next\dist\server\require-hook.js:55:36
    at defaultResolveImpl (node:internal/modules/cjs/loader:1059:19)
    at resolveForCJSWithHooks (node:internal/modules/cjs/loader:1064:22)
    at Module._load (node:internal/modules/cjs/loader:1227:37)
    at TracingChannel.traceSync (node:diagnostics_channel:328:14)
    at wrapModuleLoad (node:internal/modules/cjs/loader:245:24)
    at Module.<anonymous> (node:internal/modules/cjs/loader:1504:12)
    at mod.require (D:\Projects\scopedrop\node_modules\next\dist\server\require-hook.js:65:28)
    at require (node:internal/modules/helpers:152:16)
    at __webpack_require__.f.require (D:\Projects\scopedrop\.next\server\webpack-runtime.js:198:28)
    at D:\Projects\scopedrop\.next\server\webpack-runtime.js:111:40
    at Array.reduce (<anonymous>)
    at __webpack_require__.e (D:\Projects\scopedrop\.next\server\webpack-runtime.js:110:67)
    at Array.map (<anonymous>)
    at __webpack_require__.X (D:\Projects\scopedrop\.next\server\webpack-runtime.js:162:22)
    at D:\Projects\scopedrop\.next\server\app\page.js:1:75409
    at Object.<anonymous> (D:\Projects\scopedrop\.next\server\app\page.js:1:75463)
    at Module._compile (node:internal/modules/cjs/loader:1761:14)
    at Object..js (node:internal/modules/cjs/loader:1893:10)
    at Module.load (node:internal/modules/cjs/loader:1481:32)
    at Module._load (node:internal/modules/cjs/loader:1300:12)
    at TracingChannel.traceSync (node:diagnostics_channel:328:14)
    at wrapModuleLoad (node:internal/modules/cjs/loader:245:24)
    at Module.<anonymous> (node:internal/modules/cjs/loader:1504:12)
    at mod.require (D:\Projects\scopedrop\node_modules\next\dist\server\require-hook.js:65:28)
    at require (node:internal/modules/helpers:152:16)
    at requirePage (D:\Projects\scopedrop\node_modules\next\dist\server\require.js:109:84)
    at D:\Projects\scopedrop\node_modules\next\dist\server\load-components.js:103:84
    at async loadComponentsImpl (D:\Projects\scopedrop\node_modules\next\dist\server\load-components.js:103:26)
    at async DevServer.findPageComponentsImpl (D:\Projects\scopedrop\node_modules\next\dist\server\next-server.js:714:36)
    at async DevServer.findPageComponents (D:\Projects\scopedrop\node_modules\next\dist\server\dev\next-dev-server.js:577:20)
    at async DevServer.renderPageComponent (D:\Projects\scopedrop\node_modules\next\dist\server\base-server.js:1910:24)
    at async DevServer.renderToResponseImpl (D:\Projects\scopedrop\node_modules\next\dist\server\base-server.js:1962:32)
    at async DevServer.pipeImpl (D:\Projects\scopedrop\node_modules\next\dist\server\base-server.js:922:25)
    at async NextNodeServer.handleCatchallRenderRequest (D:\Projects\scopedrop\node_modules\next\dist\server\next-server.js:272:17)
    at async DevServer.handleRequestImpl (D:\Projects\scopedrop\node_modules\next\dist\server\base-server.js:818:17)
    at async D:\Projects\scopedrop\node_modules\next\dist\server\dev\next-dev-server.js:339:20
    at async Span.traceAsyncFn (D:\Projects\scopedrop\node_modules\next\dist\trace\trace.js:154:20)
    at async DevServer.handleRequest (D:\Projects\scopedrop\node_modules\next\dist\server\dev\next-dev-server.js:336:24)
    at async invokeRender (D:\Projects\scopedrop\node_modules\next\dist\server\lib\router-server.js:178:21)
    at async handleRequest (D:\Projects\scopedrop\node_modules\next\dist\server\lib\router-server.js:355:24)
    at async requestHandlerImpl (D:\Projects\scopedrop\node_modules\next\dist\server\lib\router-server.js:379:13)
    at async Server.requestListener (D:\Projects\scopedrop\node_modules\next\dist\server\lib\start-server.js:141:13) {
  code: 'MODULE_NOT_FOUND',
  requireStack: [
    'D:\\Projects\\scopedrop\\.next\\server\\webpack-runtime.js',
    'D:\\Projects\\scopedrop\\.next\\server\\app\\(auth)\\sign-up\\page.js',
    'D:\\Projects\\scopedrop\\node_modules\\next\\dist\\server\\require.js',
    'D:\\Projects\\scopedrop\\node_modules\\next\\dist\\server\\load-components.js',
    'D:\\Projects\\scopedrop\\node_modules\\next\\dist\\build\\utils.js',
    'D:\\Projects\\scopedrop\\node_modules\\next\\dist\\server\\dev\\hot-middleware.js',
    'D:\\Projects\\scopedrop\\node_modules\\next\\dist\\server\\dev\\hot-reloader-webpack.js',
    'D:\\Projects\\scopedrop\\node_modules\\next\\dist\\server\\lib\\router-utils\\setup-dev-bundler.js',
    'D:\\Projects\\scopedrop\\node_modules\\next\\dist\\server\\lib\\router-server.js',
    'D:\\Projects\\scopedrop\\node_modules\\next\\dist\\server\\lib\\start-server.js'
  ],
  page: '/'
}
 ⨯ Error: Cannot find module './682.js'
Require stack:
- D:\Projects\scopedrop\.next\server\webpack-runtime.js
- D:\Projects\scopedrop\.next\server\app\(auth)\sign-up\page.js
- D:\Projects\scopedrop\node_modules\next\dist\server\require.js
- D:\Projects\scopedrop\node_modules\next\dist\server\load-components.js
- D:\Projects\scopedrop\node_modules\next\dist\build\utils.js
- D:\Projects\scopedrop\node_modules\next\dist\server\dev\hot-middleware.js
- D:\Projects\scopedrop\node_modules\next\dist\server\dev\hot-reloader-webpack.js
- D:\Projects\scopedrop\node_modules\next\dist\server\lib\router-utils\setup-dev-bundler.js
- D:\Projects\scopedrop\node_modules\next\dist\server\lib\router-server.js
- D:\Projects\scopedrop\node_modules\next\dist\server\lib\start-server.js
    at Module.<anonymous> (node:internal/modules/cjs/loader:1421:15)
    at D:\Projects\scopedrop\node_modules\next\dist\server\require-hook.js:55:36
    at defaultResolveImpl (node:internal/modules/cjs/loader:1059:19)
    at resolveForCJSWithHooks (node:internal/modules/cjs/loader:1064:22)
    at Module._load (node:internal/modules/cjs/loader:1227:37)
    at TracingChannel.traceSync (node:diagnostics_channel:328:14)
    at wrapModuleLoad (node:internal/modules/cjs/loader:245:24)
    at Module.<anonymous> (node:internal/modules/cjs/loader:1504:12)
    at mod.require (D:\Projects\scopedrop\node_modules\next\dist\server\require-hook.js:65:28)
    at require (node:internal/modules/helpers:152:16)
    at __webpack_require__.f.require (D:\Projects\scopedrop\.next\server\webpack-runtime.js:198:28)
    at D:\Projects\scopedrop\.next\server\webpack-runtime.js:111:40
    at Array.reduce (<anonymous>)
    at __webpack_require__.e (D:\Projects\scopedrop\.next\server\webpack-runtime.js:110:67)
    at Array.map (<anonymous>)
    at __webpack_require__.X (D:\Projects\scopedrop\.next\server\webpack-runtime.js:162:22)
    at D:\Projects\scopedrop\.next\server\pages\_document.js:1:340
    at Object.<anonymous> (D:\Projects\scopedrop\.next\server\pages\_document.js:1:382)
    at Module._compile (node:internal/modules/cjs/loader:1761:14)
    at Object..js (node:internal/modules/cjs/loader:1893:10)
    at Module.load (node:internal/modules/cjs/loader:1481:32)
    at Module._load (node:internal/modules/cjs/loader:1300:12)
    at TracingChannel.traceSync (node:diagnostics_channel:328:14)
    at wrapModuleLoad (node:internal/modules/cjs/loader:245:24)
    at Module.<anonymous> (node:internal/modules/cjs/loader:1504:12)
    at mod.require (D:\Projects\scopedrop\node_modules\next\dist\server\require-hook.js:65:28)
    at require (node:internal/modules/helpers:152:16)
    at requirePage (D:\Projects\scopedrop\node_modules\next\dist\server\require.js:109:84)
    at D:\Projects\scopedrop\node_modules\next\dist\server\load-components.js:72:65
    at async Promise.all (index 0)
    at async loadComponentsImpl (D:\Projects\scopedrop\node_modules\next\dist\server\load-components.js:71:33)
    at async DevServer.findPageComponentsImpl (D:\Projects\scopedrop\node_modules\next\dist\server\next-server.js:714:36) {
  code: 'MODULE_NOT_FOUND',
  requireStack: [
    'D:\\Projects\\scopedrop\\.next\\server\\webpack-runtime.js',
    'D:\\Projects\\scopedrop\\.next\\server\\app\\(auth)\\sign-up\\page.js',
    'D:\\Projects\\scopedrop\\node_modules\\next\\dist\\server\\require.js',
    'D:\\Projects\\scopedrop\\node_modules\\next\\dist\\server\\load-components.js',
    'D:\\Projects\\scopedrop\\node_modules\\next\\dist\\build\\utils.js',
    'D:\\Projects\\scopedrop\\node_modules\\next\\dist\\server\\dev\\hot-middleware.js',
    'D:\\Projects\\scopedrop\\node_modules\\next\\dist\\server\\dev\\hot-reloader-webpack.js',
    'D:\\Projects\\scopedrop\\node_modules\\next\\dist\\server\\lib\\router-utils\\setup-dev-bundler.js',
    'D:\\Projects\\scopedrop\\node_modules\\next\\dist\\server\\lib\\router-server.js',
    'D:\\Projects\\scopedrop\\node_modules\\next\\dist\\server\\lib\\start-server.js'
  ]
}
 GET / 500 in 28ms
<w> [webpack.cache.PackFileCacheStrategy] Caching failed for pack: Error: ENOENT: no such file or directory, lstat 'D:\Projects\scopedrop\.next\server\pages'
<w> [webpack.cache.PackFileCacheStrategy/webpack.FileSystemInfo] Resolving '../../../../.next/server/pages/_app' in D:\Projects\scopedrop\node_modules\next\dist\server for build dependencies doesn't lead to expected result 'D:\Projects\scopedrop\.next\server\pages\_app.js', but to 'Error: Can't resolve '../../../../.next/server/pages/_app' in 'D:\Projects\scopedrop\node_modules\next\dist\server'' instead. Resolving dependencies are ignored for this path.
<w>  at resolve commonjs file ../../../../.next/server/pages/_app (expected D:\Projects\scopedrop\.next\server\pages\_app.js)
<w>  at file dependencies D:\Projects\scopedrop\node_modules\next\dist\server\require.js
<w>  at file D:\Projects\scopedrop\node_modules\next\dist\server\require.js
<w>  at file dependencies D:\Projects\scopedrop\node_modules\next\dist\server\load-components.js
<w>  at file D:\Projects\scopedrop\node_modules\next\dist\server\load-components.js
<w>  at file dependencies D:\Projects\scopedrop\node_modules\next\dist\build\utils.js
<w>  at file D:\Projects\scopedrop\node_modules\next\dist\build\utils.js
<w>  at file dependencies D:\Projects\scopedrop\node_modules\next\dist\build\webpack\loaders\next-route-loader\index.js
<w>  at file D:\Projects\scopedrop\node_modules\next\dist\build\webpack\loaders\next-route-loader\index.js
<w>  at resolve commonjs D:\Projects\scopedrop\node_modules\next\dist\build\webpack\loaders\next-route-loader\index.js
<w> [webpack.cache.PackFileCacheStrategy/webpack.FileSystemInfo] Resolving '../../../../.next/server/app/_not-found/page' in D:\Projects\scopedrop\node_modules\next\dist\server for build dependencies doesn't lead to expected result 'D:\Projects\scopedrop\.next\server\app\_not-found\page.js', but to 'Error: Can't resolve '../../../../.next/server/app/_not-found/page' in 'D:\Projects\scopedrop\node_modules\next\dist\server'' instead. Resolving dependencies are ignored for this path.
<w>  at resolve commonjs file ../../../../.next/server/app/_not-found/page (expected D:\Projects\scopedrop\.next\server\app\_not-found\page.js)
<w>  at file dependencies D:\Projects\scopedrop\node_modules\next\dist\server\require.js
<w>  at file D:\Projects\scopedrop\node_modules\next\dist\server\require.js
<w>  at file dependencies D:\Projects\scopedrop\node_modules\next\dist\server\load-components.js
<w>  at file D:\Projects\scopedrop\node_modules\next\dist\server\load-components.js
<w>  at file dependencies D:\Projects\scopedrop\node_modules\next\dist\build\utils.js
<w>  at file D:\Projects\scopedrop\node_modules\next\dist\build\utils.js
<w>  at file dependencies D:\Projects\scopedrop\node_modules\next\dist\build\webpack\loaders\next-route-loader\index.js
<w>  at file D:\Projects\scopedrop\node_modules\next\dist\build\webpack\loaders\next-route-loader\index.js
<w>  at resolve commonjs D:\Projects\scopedrop\node_modules\next\dist\build\webpack\loaders\next-route-loader\index.js
 ⨯ TypeError: __webpack_modules__[moduleId] is not a function
    at __webpack_require__ (D:\Projects\scopedrop\.next\server\webpack-runtime.js:33:42)
    at 22494 (D:\Projects\scopedrop\.next\server\app\page.js:1:2280)
    at Object.__webpack_require__ [as require] (D:\Projects\scopedrop\.next\server\webpack-runtime.js:33:42)
digest: "1209515796"
TypeError: __webpack_modules__[moduleId] is not a function
    at Object.__webpack_require__ [as require] (D:\Projects\scopedrop\.next\server\webpack-runtime.js:33:42)
    at require (D:\Projects\scopedrop\node_modules\next\dist\compiled\next-server\app-page.runtime.dev.js:39:20088)
    at D:\Projects\scopedrop\node_modules\next\dist\compiled\next-server\app-page.runtime.dev.js:35:108280
    at eo (D:\Projects\scopedrop\node_modules\next\dist\compiled\next-server\app-page.runtime.dev.js:35:108465)
    at D:\Projects\scopedrop\node_modules\next\dist\compiled\next-server\app-page.runtime.dev.js:35:110694
    at Object._fromJSON (D:\Projects\scopedrop\node_modules\next\dist\compiled\next-server\app-page.runtime.dev.js:35:111250)
    at JSON.parse (<anonymous>)
    at eu (D:\Projects\scopedrop\node_modules\next\dist\compiled\next-server\app-page.runtime.dev.js:35:108959)
    at en (D:\Projects\scopedrop\node_modules\next\dist\compiled\next-server\app-page.runtime.dev.js:35:108027)
    at D:\Projects\scopedrop\node_modules\next\dist\compiled\next-server\app-page.runtime.dev.js:35:115169
    at D:\Projects\scopedrop\node_modules\next\dist\compiled\next-server\app-page.runtime.dev.js:35:115186
    at D:\Projects\scopedrop\node_modules\next\dist\compiled\next-server\app-page.runtime.dev.js:35:115219
    at D:\Projects\scopedrop\node_modules\next\dist\compiled\next-server\app-page.runtime.dev.js:35:115236
    at t (D:\Projects\scopedrop\node_modules\next\dist\compiled\next-server\app-page.runtime.dev.js:35:115459)
 ⨯ TypeError: __webpack_modules__[moduleId] is not a function
    at Object.__webpack_require__ [as require] (D:\Projects\scopedrop\.next\server\webpack-runtime.js:33:42)
    at require (D:\Projects\scopedrop\node_modules\next\dist\compiled\next-server\app-page.runtime.dev.js:39:20088)
    at D:\Projects\scopedrop\node_modules\next\dist\compiled\next-server\app-page.runtime.dev.js:35:108280
    at eo (D:\Projects\scopedrop\node_modules\next\dist\compiled\next-server\app-page.runtime.dev.js:35:108465)
    at D:\Projects\scopedrop\node_modules\next\dist\compiled\next-server\app-page.runtime.dev.js:35:110694
    at Object._fromJSON (D:\Projects\scopedrop\node_modules\next\dist\compiled\next-server\app-page.runtime.dev.js:35:111250)
    at JSON.parse (<anonymous>)
    at eu (D:\Projects\scopedrop\node_modules\next\dist\compiled\next-server\app-page.runtime.dev.js:35:108959)
    at en (D:\Projects\scopedrop\node_modules\next\dist\compiled\next-server\app-page.runtime.dev.js:35:108027)
    at D:\Projects\scopedrop\node_modules\next\dist\compiled\next-server\app-page.runtime.dev.js:35:115169
    at D:\Projects\scopedrop\node_modules\next\dist\compiled\next-server\app-page.runtime.dev.js:35:115186
    at D:\Projects\scopedrop\node_modules\next\dist\compiled\next-server\app-page.runtime.dev.js:35:115219
    at D:\Projects\scopedrop\node_modules\next\dist\compiled\next-server\app-page.runtime.dev.js:35:115236
    at t (D:\Projects\scopedrop\node_modules\next\dist\compiled\next-server\app-page.runtime.dev.js:35:115459) {
  page: '/'
}
 GET / 500 in 156ms
   Reload env: .env.local
<w> [webpack.cache.PackFileCacheStrategy] Restoring pack from D:\Projects\scopedrop\.next\cache\webpack\server-development.pack.gz failed: TypeError: Cannot read properties of undefined (reading 'hasStartTime')
 ✓ Compiled in 6.2s (9864 modules)
